,Table 17. Barangay and Age Group by Sex in the City of Pasay: 2020,,,
,,Sex,,
,,Total,Male,Female
,   Barangay,,,
,   Total,,,
,   Age Group,,,
,Total," 437,003 "," 217,169 "," 219,834 "
,0 - 4," 33,038 "," 17,045 "," 15,993 "
,5 - 9," 34,698 "," 17,840 "," 16,858 "
,10 - 14," 34,399 "," 17,605 "," 16,794 "
,15 - 19," 34,196 "," 17,049 "," 17,147 "
,20 - 24," 49,416 "," 24,733 "," 24,683 "
,25 - 29," 52,250 "," 26,241 "," 26,009 "
,30 - 34," 42,628 "," 21,715 "," 20,913 "
,35 - 39," 35,045 "," 18,010 "," 17,035 "
,40 - 44," 29,187 "," 14,699 "," 14,488 "
,45 - 49," 23,236 "," 11,463 "," 11,773 "
,50 - 54," 20,200 "," 9,772 "," 10,428 "
,55 - 59," 16,047 "," 7,576 "," 8,471 "
,60 - 64," 12,520 "," 5,570 "," 6,950 "
,65 - 69," 8,704 "," 3,789 "," 4,915 "
,70 - 74," 5,706 "," 2,268 "," 3,438 "
,75 - 79," 2,857 ", 953 ," 1,904 "
,80 and over," 2,876 ", 841 ," 2,035 "
,   Barangay 1,,,
,   Age Group,,,
,Total," 2,191 "," 1,076 "," 1,115 "
,0 - 4, 207 , 111 , 96 
,5 - 9, 186 , 93 , 93 
,10 - 14, 176 , 82 , 94 
,15 - 19, 118 , 59 , 59 
,20 - 24, 283 , 136 , 147 
,25 - 29, 315 , 154 , 161 
,30 - 34, 261 , 129 , 132 
,35 - 39, 164 , 85 , 79 
,40 - 44, 143 , 67 , 76 
,45 - 49, 104 , 56 , 48 
,50 - 54, 75 , 31 , 44 
,55 - 59, 45 , 24 , 21 
,60 - 64, 40 , 23 , 17 
,65 - 69, 22 , 9 , 13 
,70 - 74, 32 , 11 , 21 
,75 - 79, 10 , 3 , 7 
,80 and over, 10 , 3 , 7 
,   Barangay 2,,,
,   Age Group,,,
,Total," 1,327 ", 649 , 678 
,0 - 4, 84 , 43 , 41 
,5 - 9, 117 , 57 , 60 
,10 - 14, 113 , 51 , 62 
,15 - 19, 104 , 62 , 42 
,20 - 24, 147 , 77 , 70 
,25 - 29, 159 , 75 , 84 
,30 - 34, 107 , 53 , 54 
,35 - 39, 116 , 60 , 56 
,40 - 44, 79 , 40 , 39 
,45 - 49, 67 , 32 , 35 
,50 - 54, 79 , 36 , 43 
,55 - 59, 52 , 26 , 26 
,60 - 64, 37 , 14 , 23 
,65 - 69, 26 , 12 , 14 
,70 - 74, 18 , 7 , 11 
,75 - 79, 12 , 2 , 10 
,80 and over, 10 , 2 , 8 
,   Barangay 3,,,
,   Age Group,,,
,Total, 824 , 414 , 410 
,0 - 4, 71 , 41 , 30 
,5 - 9, 83 , 38 , 45 
,10 - 14, 84 , 47 , 37 
,15 - 19, 62 , 35 , 27 
,20 - 24, 76 , 34 , 42 
,25 - 29, 81 , 35 , 46 
,30 - 34, 84 , 50 , 34 
,35 - 39, 62 , 31 , 31 
,40 - 44, 45 , 24 , 21 
,45 - 49, 48 , 27 , 21 
,50 - 54, 35 , 15 , 20 
,55 - 59, 38 , 19 , 19 
,60 - 64, 27 , 11 , 16 
,65 - 69, 16 , 5 , 11 
,70 - 74, 4 , 1 , 3 
,75 - 79, 4 , 1 , 3 
,80 and over, 4 , -   , 4 
,   Barangay 4,,,
,   Age Group,,,
,Total," 2,086 "," 1,041 "," 1,045 "
,0 - 4, 134 , 65 , 69 
,5 - 9, 168 , 90 , 78 
,10 - 14, 204 , 111 , 93 
,15 - 19, 201 , 99 , 102 
,20 - 24, 248 , 118 , 130 
,25 - 29, 168 , 86 , 82 
,30 - 34, 172 , 91 , 81 
,35 - 39, 142 , 72 , 70 
,40 - 44, 152 , 74 , 78 
,45 - 49, 135 , 55 , 80 
,50 - 54, 115 , 70 , 45 
,55 - 59, 85 , 42 , 43 
,60 - 64, 71 , 31 , 40 
,65 - 69, 42 , 19 , 23 
,70 - 74, 24 , 10 , 14 
,75 - 79, 13 , 3 , 10 
,80 and over, 12 , 5 , 7 
,   Barangay 5,,,
,   Age Group,,,
,Total," 6,081 "," 2,970 "," 3,111 "
,0 - 4, 436 , 225 , 211 
,5 - 9, 483 , 270 , 213 
,10 - 14, 444 , 222 , 222 
,15 - 19, 453 , 218 , 235 
,20 - 24, 614 , 294 , 320 
,25 - 29, 768 , 347 , 421 
,30 - 34, 663 , 298 , 365 
,35 - 39, 587 , 320 , 267 
,40 - 44, 440 , 227 , 213 
,45 - 49, 340 , 161 , 179 
,50 - 54, 250 , 110 , 140 
,55 - 59, 192 , 88 , 104 
,60 - 64, 126 , 65 , 61 
,65 - 69, 127 , 61 , 66 
,70 - 74, 81 , 32 , 49 
,75 - 79, 37 , 13 , 24 
,80 and over, 40 , 19 , 21 
,   Barangay 6,,,
,   Age Group,,,
,Total, 463 , 247 , 216 
,0 - 4, 24 , 13 , 11 
,5 - 9, 32 , 22 , 10 
,10 - 14, 47 , 28 , 19 
,15 - 19, 30 , 11 , 19 
,20 - 24, 36 , 16 , 20 
,25 - 29, 57 , 30 , 27 
,30 - 34, 44 , 24 , 20 
,35 - 39, 41 , 24 , 17 
,40 - 44, 34 , 21 , 13 
,45 - 49, 23 , 11 , 12 
,50 - 54, 29 , 17 , 12 
,55 - 59, 13 , 6 , 7 
,60 - 64, 19 , 14 , 5 
,65 - 69, 14 , 3 , 11 
,70 - 74, 10 , 6 , 4 
,75 - 79, 4 , 1 , 3 
,80 and over, 6 , -   , 6 
,   Barangay 7,,,
,   Age Group,,,
,Total," 2,676 "," 1,319 "," 1,357 "
,0 - 4, 203 , 102 , 101 
,5 - 9, 190 , 101 , 89 
,10 - 14, 173 , 82 , 91 
,15 - 19, 188 , 85 , 103 
,20 - 24, 266 , 120 , 146 
,25 - 29, 361 , 160 , 201 
,30 - 34, 293 , 164 , 129 
,35 - 39, 270 , 142 , 128 
,40 - 44, 216 , 119 , 97 
,45 - 49, 151 , 71 , 80 
,50 - 54, 94 , 51 , 43 
,55 - 59, 97 , 44 , 53 
,60 - 64, 66 , 34 , 32 
,65 - 69, 48 , 21 , 27 
,70 - 74, 38 , 16 , 22 
,75 - 79, 14 , 3 , 11 
,80 and over, 8 , 4 , 4 
,   Barangay 8,,,
,   Age Group,,,
,Total," 1,160 ", 575 , 585 
,0 - 4, 111 , 58 , 53 
,5 - 9, 100 , 50 , 50 
,10 - 14, 89 , 45 , 44 
,15 - 19, 77 , 44 , 33 
,20 - 24, 119 , 60 , 59 
,25 - 29, 133 , 63 , 70 
,30 - 34, 113 , 53 , 60 
,35 - 39, 95 , 49 , 46 
,40 - 44, 66 , 30 , 36 
,45 - 49, 53 , 23 , 30 
,50 - 54, 72 , 38 , 34 
,55 - 59, 50 , 27 , 23 
,60 - 64, 34 , 19 , 15 
,65 - 69, 20 , 9 , 11 
,70 - 74, 15 , 6 , 9 
,75 - 79, 3 , -   , 3 
,80 and over, 10 , 1 , 9 
,   Barangay 9,,,
,   Age Group,,,
,Total, 224 , 107 , 117 
,0 - 4, 17 , 7 , 10 
,5 - 9, 14 , 7 , 7 
,10 - 14, 13 , 11 , 2 
,15 - 19, 8 , 4 , 4 
,20 - 24, 26 , 12 , 14 
,25 - 29, 38 , 19 , 19 
,30 - 34, 26 , 12 , 14 
,35 - 39, 21 , 13 , 8 
,40 - 44, 17 , 9 , 8 
,45 - 49, 3 , -   , 3 
,50 - 54, 12 , 3 , 9 
,55 - 59, 14 , 8 , 6 
,60 - 64, 10 , 2 , 8 
,65 - 69, 1 , -   , 1 
,70 - 74, -   , -   , -   
,75 - 79, 3 , -   , 3 
,80 and over, 1 , -   , 1 
,   Barangay 10,,,
,   Age Group,,,
,Total," 1,405 ", 707 , 698 
,0 - 4, 93 , 50 , 43 
,5 - 9, 112 , 59 , 53 
,10 - 14, 126 , 70 , 56 
,15 - 19, 115 , 48 , 67 
,20 - 24, 143 , 78 , 65 
,25 - 29, 124 , 68 , 56 
,30 - 34, 128 , 64 , 64 
,35 - 39, 114 , 55 , 59 
,40 - 44, 113 , 52 , 61 
,45 - 49, 94 , 53 , 41 
,50 - 54, 69 , 34 , 35 
,55 - 59, 46 , 23 , 23 
,60 - 64, 46 , 24 , 22 
,65 - 69, 37 , 14 , 23 
,70 - 74, 26 , 11 , 15 
,75 - 79, 7 , 3 , 4 
,80 and over, 12 , 1 , 11 
,   Barangay 11,,,
,   Age Group,,,
,Total, 408 , 210 , 198 
,0 - 4, 17 , 4 , 13 
,5 - 9, 12 , 6 , 6 
,10 - 14, 18 , 9 , 9 
,15 - 19, 23 , 15 , 8 
,20 - 24, 58 , 25 , 33 
,25 - 29, 79 , 37 , 42 
,30 - 34, 45 , 25 , 20 
,35 - 39, 33 , 26 , 7 
,40 - 44, 26 , 16 , 10 
,45 - 49, 21 , 11 , 10 
,50 - 54, 16 , 6 , 10 
,55 - 59, 29 , 13 , 16 
,60 - 64, 19 , 11 , 8 
,65 - 69, 6 , 3 , 3 
,70 - 74, 3 , 2 , 1 
,75 - 79, 1 , 1 , -   
,80 and over, 2 , -   , 2 
,   Barangay 12,,,
,   Age Group,,,
,Total, 540 , 286 , 254 
,0 - 4, 25 , 17 , 8 
,5 - 9, 32 , 10 , 22 
,10 - 14, 44 , 26 , 18 
,15 - 19, 46 , 30 , 16 
,20 - 24, 60 , 39 , 21 
,25 - 29, 57 , 29 , 28 
,30 - 34, 41 , 25 , 16 
,35 - 39, 53 , 28 , 25 
,40 - 44, 46 , 22 , 24 
,45 - 49, 44 , 21 , 23 
,50 - 54, 14 , 5 , 9 
,55 - 59, 26 , 9 , 17 
,60 - 64, 15 , 9 , 6 
,65 - 69, 12 , 7 , 5 
,70 - 74, 8 , 3 , 5 
,75 - 79, 9 , 4 , 5 
,80 and over, 8 , 2 , 6 
,   Barangay 13,,,
,   Age Group,,,
,Total," 2,646 "," 1,366 "," 1,280 "
,0 - 4, 307 , 176 , 131 
,5 - 9, 224 , 111 , 113 
,10 - 14, 200 , 104 , 96 
,15 - 19, 224 , 110 , 114 
,20 - 24, 305 , 150 , 155 
,25 - 29, 361 , 204 , 157 
,30 - 34, 246 , 144 , 102 
,35 - 39, 184 , 98 , 86 
,40 - 44, 143 , 62 , 81 
,45 - 49, 140 , 68 , 72 
,50 - 54, 82 , 42 , 40 
,55 - 59, 78 , 40 , 38 
,60 - 64, 64 , 25 , 39 
,65 - 69, 49 , 21 , 28 
,70 - 74, 13 , 5 , 8 
,75 - 79, 17 , 5 , 12 
,80 and over, 9 , 1 , 8 
,   Barangay 14,,,
,   Age Group,,,
,Total," 4,769 "," 2,325 "," 2,444 "
,0 - 4, 411 , 199 , 212 
,5 - 9, 404 , 198 , 206 
,10 - 14, 409 , 205 , 204 
,15 - 19, 413 , 205 , 208 
,20 - 24, 501 , 257 , 244 
,25 - 29, 532 , 259 , 273 
,30 - 34, 443 , 220 , 223 
,35 - 39, 399 , 201 , 198 
,40 - 44, 324 , 160 , 164 
,45 - 49, 207 , 99 , 108 
,50 - 54, 203 , 101 , 102 
,55 - 59, 178 , 81 , 97 
,60 - 64, 130 , 61 , 69 
,65 - 69, 104 , 45 , 59 
,70 - 74, 59 , 20 , 39 
,75 - 79, 27 , 7 , 20 
,80 and over, 25 , 7 , 18 
,   Barangay 15,,,
,   Age Group,,,
,Total," 2,328 "," 1,085 "," 1,243 "
,0 - 4, 157 , 86 , 71 
,5 - 9, 180 , 94 , 86 
,10 - 14, 175 , 74 , 101 
,15 - 19, 169 , 73 , 96 
,20 - 24, 277 , 128 , 149 
,25 - 29, 330 , 139 , 191 
,30 - 34, 252 , 126 , 126 
,35 - 39, 186 , 83 , 103 
,40 - 44, 166 , 71 , 95 
,45 - 49, 116 , 62 , 54 
,50 - 54, 101 , 40 , 61 
,55 - 59, 61 , 25 , 36 
,60 - 64, 53 , 28 , 25 
,65 - 69, 55 , 31 , 24 
,70 - 74, 35 , 18 , 17 
,75 - 79, 7 , 2 , 5 
,80 and over, 8 , 5 , 3 
,   Barangay 16,,,
,   Age Group,,,
,Total, 424 , 238 , 186 
,0 - 4, 35 , 23 , 12 
,5 - 9, 42 , 24 , 18 
,10 - 14, 38 , 22 , 16 
,15 - 19, 40 , 23 , 17 
,20 - 24, 57 , 32 , 25 
,25 - 29, 37 , 23 , 14 
,30 - 34, 20 , 10 , 10 
,35 - 39, 23 , 13 , 10 
,40 - 44, 25 , 14 , 11 
,45 - 49, 30 , 12 , 18 
,50 - 54, 25 , 16 , 9 
,55 - 59, 19 , 8 , 11 
,60 - 64, 17 , 11 , 6 
,65 - 69, 6 , 4 , 2 
,70 - 74, 3 , -   , 3 
,75 - 79, 3 , 2 , 1 
,80 and over, 4 , 1 , 3 
,   Barangay 17,,,
,   Age Group,,,
,Total, 985 , 457 , 528 
,0 - 4, 57 , 30 , 27 
,5 - 9, 76 , 36 , 40 
,10 - 14, 61 , 35 , 26 
,15 - 19, 58 , 22 , 36 
,20 - 24, 122 , 53 , 69 
,25 - 29, 133 , 67 , 66 
,30 - 34, 102 , 50 , 52 
,35 - 39, 71 , 33 , 38 
,40 - 44, 63 , 21 , 42 
,45 - 49, 67 , 32 , 35 
,50 - 54, 47 , 15 , 32 
,55 - 59, 36 , 18 , 18 
,60 - 64, 48 , 25 , 23 
,65 - 69, 16 , 9 , 7 
,70 - 74, 9 , 2 , 7 
,75 - 79, 13 , 4 , 9 
,80 and over, 6 , 5 , 1 
,   Barangay 18,,,
,   Age Group,,,
,Total," 1,019 ", 495 , 524 
,0 - 4, 72 , 35 , 37 
,5 - 9, 85 , 48 , 37 
,10 - 14, 68 , 34 , 34 
,15 - 19, 59 , 29 , 30 
,20 - 24, 119 , 56 , 63 
,25 - 29, 108 , 56 , 52 
,30 - 34, 126 , 59 , 67 
,35 - 39, 85 , 39 , 46 
,40 - 44, 53 , 25 , 28 
,45 - 49, 55 , 32 , 23 
,50 - 54, 58 , 27 , 31 
,55 - 59, 43 , 22 , 21 
,60 - 64, 45 , 13 , 32 
,65 - 69, 16 , 10 , 6 
,70 - 74, 12 , 7 , 5 
,75 - 79, 7 , 2 , 5 
,80 and over, 8 , 1 , 7 
,   Barangay 19,,,
,   Age Group,,,
,Total, 812 , 425 , 387 
,0 - 4, 65 , 32 , 33 
,5 - 9, 46 , 30 , 16 
,10 - 14, 70 , 44 , 26 
,15 - 19, 59 , 30 , 29 
,20 - 24, 100 , 58 , 42 
,25 - 29, 106 , 52 , 54 
,30 - 34, 71 , 35 , 36 
,35 - 39, 60 , 32 , 28 
,40 - 44, 62 , 36 , 26 
,45 - 49, 48 , 20 , 28 
,50 - 54, 42 , 21 , 21 
,55 - 59, 30 , 13 , 17 
,60 - 64, 18 , 9 , 9 
,65 - 69, 19 , 8 , 11 
,70 - 74, 8 , 4 , 4 
,75 - 79, 2 , -   , 2 
,80 and over, 6 , 1 , 5 
,   Barangay 20,,,
,   Age Group,,,
,Total, 623 , 318 , 305 
,0 - 4, 45 , 25 , 20 
,5 - 9, 34 , 23 , 11 
,10 - 14, 28 , 10 , 18 
,15 - 19, 22 , 10 , 12 
,20 - 24, 54 , 24 , 30 
,25 - 29, 90 , 50 , 40 
,30 - 34, 73 , 32 , 41 
,35 - 39, 62 , 33 , 29 
,40 - 44, 52 , 28 , 24 
,45 - 49, 30 , 19 , 11 
,50 - 54, 33 , 16 , 17 
,55 - 59, 25 , 11 , 14 
,60 - 64, 31 , 15 , 16 
,65 - 69, 12 , 8 , 4 
,70 - 74, 8 , 5 , 3 
,75 - 79, 11 , 4 , 7 
,80 and over, 13 , 5 , 8 
,   Barangay 21,,,
,   Age Group,,,
,Total, 790 , 398 , 392 
,0 - 4, 58 , 27 , 31 
,5 - 9, 52 , 31 , 21 
,10 - 14, 48 , 27 , 21 
,15 - 19, 47 , 21 , 26 
,20 - 24, 76 , 33 , 43 
,25 - 29, 102 , 52 , 50 
,30 - 34, 95 , 47 , 48 
,35 - 39, 56 , 42 , 14 
,40 - 44, 38 , 23 , 15 
,45 - 49, 37 , 20 , 17 
,50 - 54, 47 , 20 , 27 
,55 - 59, 52 , 24 , 28 
,60 - 64, 21 , 8 , 13 
,65 - 69, 24 , 9 , 15 
,70 - 74, 19 , 10 , 9 
,75 - 79, 11 , 4 , 7 
,80 and over, 7 , -   , 7 
,   Barangay 22,,,
,   Age Group,,,
,Total, 714 , 387 , 327 
,0 - 4, 53 , 27 , 26 
,5 - 9, 55 , 34 , 21 
,10 - 14, 68 , 39 , 29 
,15 - 19, 76 , 41 , 35 
,20 - 24, 63 , 39 , 24 
,25 - 29, 65 , 40 , 25 
,30 - 34, 57 , 29 , 28 
,35 - 39, 62 , 36 , 26 
,40 - 44, 47 , 24 , 23 
,45 - 49, 27 , 13 , 14 
,50 - 54, 32 , 16 , 16 
,55 - 59, 29 , 15 , 14 
,60 - 64, 27 , 14 , 13 
,65 - 69, 15 , 6 , 9 
,70 - 74, 13 , 7 , 6 
,75 - 79, 14 , 5 , 9 
,80 and over, 11 , 2 , 9 
,   Barangay 23,,,
,   Age Group,,,
,Total," 1,401 ", 662 , 739 
,0 - 4, 108 , 49 , 59 
,5 - 9, 103 , 31 , 72 
,10 - 14, 94 , 51 , 43 
,15 - 19, 95 , 53 , 42 
,20 - 24, 176 , 78 , 98 
,25 - 29, 172 , 88 , 84 
,30 - 34, 135 , 69 , 66 
,35 - 39, 87 , 43 , 44 
,40 - 44, 99 , 48 , 51 
,45 - 49, 84 , 46 , 38 
,50 - 54, 67 , 30 , 37 
,55 - 59, 61 , 28 , 33 
,60 - 64, 47 , 19 , 28 
,65 - 69, 30 , 9 , 21 
,70 - 74, 25 , 13 , 12 
,75 - 79, 1 , -   , 1 
,80 and over, 17 , 7 , 10 
,   Barangay 24,,,
,   Age Group,,,
,Total, 704 , 340 , 364 
,0 - 4, 43 , 28 , 15 
,5 - 9, 42 , 18 , 24 
,10 - 14, 35 , 14 , 21 
,15 - 19, 44 , 25 , 19 
,20 - 24, 71 , 31 , 40 
,25 - 29, 92 , 45 , 47 
,30 - 34, 70 , 35 , 35 
,35 - 39, 57 , 30 , 27 
,40 - 44, 46 , 21 , 25 
,45 - 49, 35 , 17 , 18 
,50 - 54, 47 , 23 , 24 
,55 - 59, 43 , 22 , 21 
,60 - 64, 32 , 15 , 17 
,65 - 69, 13 , 6 , 7 
,70 - 74, 15 , 5 , 10 
,75 - 79, 6 , 1 , 5 
,80 and over, 13 , 4 , 9 
,   Barangay 25,,,
,   Age Group,,,
,Total, 595 , 280 , 315 
,0 - 4, 39 , 21 , 18 
,5 - 9, 50 , 28 , 22 
,10 - 14, 49 , 26 , 23 
,15 - 19, 40 , 17 , 23 
,20 - 24, 77 , 46 , 31 
,25 - 29, 75 , 38 , 37 
,30 - 34, 52 , 25 , 27 
,35 - 39, 35 , 11 , 24 
,40 - 44, 33 , 10 , 23 
,45 - 49, 41 , 15 , 26 
,50 - 54, 32 , 14 , 18 
,55 - 59, 21 , 10 , 11 
,60 - 64, 15 , 5 , 10 
,65 - 69, 15 , 8 , 7 
,70 - 74, 6 , 2 , 4 
,75 - 79, 5 , 3 , 2 
,80 and over, 10 , 1 , 9 
,   Barangay 26,,,
,   Age Group,,,
,Total, 907 , 450 , 457 
,0 - 4, 68 , 33 , 35 
,5 - 9, 45 , 20 , 25 
,10 - 14, 48 , 18 , 30 
,15 - 19, 70 , 28 , 42 
,20 - 24, 118 , 63 , 55 
,25 - 29, 130 , 76 , 54 
,30 - 34, 101 , 58 , 43 
,35 - 39, 58 , 35 , 23 
,40 - 44, 67 , 27 , 40 
,45 - 49, 49 , 23 , 26 
,50 - 54, 56 , 28 , 28 
,55 - 59, 32 , 19 , 13 
,60 - 64, 14 , 3 , 11 
,65 - 69, 23 , 7 , 16 
,70 - 74, 13 , 6 , 7 
,75 - 79, 8 , 4 , 4 
,80 and over, 7 , 2 , 5 
,   Barangay 27,,,
,   Age Group,,,
,Total, 273 , 128 , 145 
,0 - 4, 16 , 7 , 9 
,5 - 9, 20 , 9 , 11 
,10 - 14, 21 , 13 , 8 
,15 - 19, 17 , 11 , 6 
,20 - 24, 26 , 12 , 14 
,25 - 29, 40 , 16 , 24 
,30 - 34, 38 , 18 , 20 
,35 - 39, 22 , 13 , 9 
,40 - 44, 11 , 5 , 6 
,45 - 49, 11 , 5 , 6 
,50 - 54, 13 , 8 , 5 
,55 - 59, 8 , 4 , 4 
,60 - 64, 17 , 4 , 13 
,65 - 69, 7 , 1 , 6 
,70 - 74, 4 , 1 , 3 
,75 - 79, 1 , 1 , -   
,80 and over, 1 , -   , 1 
,   Barangay 28,,,
,   Age Group,,,
,Total, 833 , 369 , 464 
,0 - 4, 36 , 16 , 20 
,5 - 9, 50 , 19 , 31 
,10 - 14, 56 , 31 , 25 
,15 - 19, 79 , 35 , 44 
,20 - 24, 98 , 43 , 55 
,25 - 29, 88 , 34 , 54 
,30 - 34, 77 , 38 , 39 
,35 - 39, 67 , 30 , 37 
,40 - 44, 63 , 24 , 39 
,45 - 49, 43 , 23 , 20 
,50 - 54, 57 , 29 , 28 
,55 - 59, 36 , 14 , 22 
,60 - 64, 26 , 13 , 13 
,65 - 69, 15 , 3 , 12 
,70 - 74, 19 , 8 , 11 
,75 - 79, 12 , 3 , 9 
,80 and over, 11 , 6 , 5 
,   Barangay 29,,,
,   Age Group,,,
,Total," 1,429 ", 658 , 771 
,0 - 4, 108 , 53 , 55 
,5 - 9, 114 , 61 , 53 
,10 - 14, 120 , 54 , 66 
,15 - 19, 119 , 56 , 63 
,20 - 24, 172 , 88 , 84 
,25 - 29, 157 , 65 , 92 
,30 - 34, 118 , 57 , 61 
,35 - 39, 107 , 47 , 60 
,40 - 44, 101 , 49 , 52 
,45 - 49, 79 , 33 , 46 
,50 - 54, 66 , 27 , 39 
,55 - 59, 45 , 19 , 26 
,60 - 64, 55 , 24 , 31 
,65 - 69, 33 , 14 , 19 
,70 - 74, 14 , 4 , 10 
,75 - 79, 7 , 5 , 2 
,80 and over, 14 , 2 , 12 
,   Barangay 30,,,
,   Age Group,,,
,Total, 964 , 465 , 499 
,0 - 4, 63 , 34 , 29 
,5 - 9, 81 , 38 , 43 
,10 - 14, 88 , 44 , 44 
,15 - 19, 71 , 33 , 38 
,20 - 24, 124 , 49 , 75 
,25 - 29, 116 , 59 , 57 
,30 - 34, 75 , 37 , 38 
,35 - 39, 75 , 41 , 34 
,40 - 44, 67 , 34 , 33 
,45 - 49, 53 , 34 , 19 
,50 - 54, 50 , 21 , 29 
,55 - 59, 48 , 24 , 24 
,60 - 64, 18 , 7 , 11 
,65 - 69, 23 , 8 , 15 
,70 - 74, 4 , -   , 4 
,75 - 79, 2 , 1 , 1 
,80 and over, 6 , 1 , 5 
,   Barangay 31,,,
,   Age Group,,,
,Total," 3,544 "," 1,802 "," 1,742 "
,0 - 4, 316 , 145 , 171 
,5 - 9, 314 , 189 , 125 
,10 - 14, 272 , 130 , 142 
,15 - 19, 210 , 107 , 103 
,20 - 24, 352 , 160 , 192 
,25 - 29, 485 , 234 , 251 
,30 - 34, 469 , 253 , 216 
,35 - 39, 360 , 209 , 151 
,40 - 44, 253 , 146 , 107 
,45 - 49, 126 , 68 , 58 
,50 - 54, 96 , 46 , 50 
,55 - 59, 118 , 58 , 60 
,60 - 64, 60 , 22 , 38 
,65 - 69, 61 , 21 , 40 
,70 - 74, 32 , 6 , 26 
,75 - 79, 10 , 3 , 7 
,80 and over, 10 , 5 , 5 
,   Barangay 32,,,
,   Age Group,,,
,Total," 1,898 ", 904 , 994 
,0 - 4, 90 , 54 , 36 
,5 - 9, 118 , 59 , 59 
,10 - 14, 134 , 67 , 67 
,15 - 19, 142 , 67 , 75 
,20 - 24, 286 , 154 , 132 
,25 - 29, 239 , 119 , 120 
,30 - 34, 168 , 73 , 95 
,35 - 39, 130 , 52 , 78 
,40 - 44, 118 , 49 , 69 
,45 - 49, 108 , 49 , 59 
,50 - 54, 129 , 56 , 73 
,55 - 59, 74 , 36 , 38 
,60 - 64, 60 , 30 , 30 
,65 - 69, 33 , 20 , 13 
,70 - 74, 31 , 7 , 24 
,75 - 79, 17 , 4 , 13 
,80 and over, 21 , 8 , 13 
,   Barangay 33,,,
,   Age Group,,,
,Total, 983 , 514 , 469 
,0 - 4, 42 , 24 , 18 
,5 - 9, 63 , 29 , 34 
,10 - 14, 66 , 37 , 29 
,15 - 19, 66 , 24 , 42 
,20 - 24, 104 , 52 , 52 
,25 - 29, 92 , 56 , 36 
,30 - 34, 89 , 60 , 29 
,35 - 39, 102 , 62 , 40 
,40 - 44, 48 , 19 , 29 
,45 - 49, 63 , 34 , 29 
,50 - 54, 62 , 32 , 30 
,55 - 59, 45 , 17 , 28 
,60 - 64, 68 , 36 , 32 
,65 - 69, 45 , 23 , 22 
,70 - 74, 13 , 1 , 12 
,75 - 79, 6 , 4 , 2 
,80 and over, 9 , 4 , 5 
,   Barangay 34,,,
,   Age Group,,,
,Total, 939 , 450 , 489 
,0 - 4, 47 , 25 , 22 
,5 - 9, 86 , 45 , 41 
,10 - 14, 71 , 37 , 34 
,15 - 19, 54 , 18 , 36 
,20 - 24, 71 , 35 , 36 
,25 - 29, 126 , 54 , 72 
,30 - 34, 77 , 38 , 39 
,35 - 39, 91 , 39 , 52 
,40 - 44, 48 , 26 , 22 
,45 - 49, 71 , 38 , 33 
,50 - 54, 54 , 34 , 20 
,55 - 59, 48 , 24 , 24 
,60 - 64, 38 , 17 , 21 
,65 - 69, 29 , 13 , 16 
,70 - 74, 18 , 4 , 14 
,75 - 79, 5 , 1 , 4 
,80 and over, 5 , 2 , 3 
,   Barangay 35,,,
,   Age Group,,,
,Total, 600 , 279 , 321 
,0 - 4, 34 , 17 , 17 
,5 - 9, 36 , 23 , 13 
,10 - 14, 40 , 20 , 20 
,15 - 19, 39 , 18 , 21 
,20 - 24, 76 , 36 , 40 
,25 - 29, 82 , 42 , 40 
,30 - 34, 67 , 29 , 38 
,35 - 39, 45 , 16 , 29 
,40 - 44, 45 , 24 , 21 
,45 - 49, 37 , 16 , 21 
,50 - 54, 44 , 16 , 28 
,55 - 59, 20 , 5 , 15 
,60 - 64, 12 , 8 , 4 
,65 - 69, 13 , 7 , 6 
,70 - 74, 5 , 1 , 4 
,75 - 79, 4 , 1 , 3 
,80 and over, 1 , -   , 1 
,   Barangay 36,,,
,   Age Group,,,
,Total," 3,799 "," 1,672 "," 2,127 "
,0 - 4, 249 , 123 , 126 
,5 - 9, 237 , 113 , 124 
,10 - 14, 189 , 91 , 98 
,15 - 19, 184 , 76 , 108 
,20 - 24, 595 , 239 , 356 
,25 - 29, 624 , 286 , 338 
,30 - 34, 443 , 205 , 238 
,35 - 39, 326 , 172 , 154 
,40 - 44, 258 , 84 , 174 
,45 - 49, 190 , 81 , 109 
,50 - 54, 181 , 65 , 116 
,55 - 59, 111 , 43 , 68 
,60 - 64, 94 , 39 , 55 
,65 - 69, 56 , 32 , 24 
,70 - 74, 35 , 18 , 17 
,75 - 79, 19 , 3 , 16 
,80 and over, 8 , 2 , 6 
,   Barangay 37,,,
,   Age Group,,,
,Total," 1,529 ", 771 , 758 
,0 - 4, 119 , 56 , 63 
,5 - 9, 130 , 64 , 66 
,10 - 14, 124 , 72 , 52 
,15 - 19, 107 , 56 , 51 
,20 - 24, 198 , 97 , 101 
,25 - 29, 210 , 113 , 97 
,30 - 34, 178 , 88 , 90 
,35 - 39, 101 , 46 , 55 
,40 - 44, 85 , 44 , 41 
,45 - 49, 65 , 35 , 30 
,50 - 54, 68 , 35 , 33 
,55 - 59, 51 , 27 , 24 
,60 - 64, 45 , 18 , 27 
,65 - 69, 27 , 14 , 13 
,70 - 74, 9 , 2 , 7 
,75 - 79, 5 , 2 , 3 
,80 and over, 7 , 2 , 5 
,   Barangay 38,,,
,   Age Group,,,
,Total," 1,927 ", 942 , 985 
,0 - 4, 121 , 56 , 65 
,5 - 9, 161 , 80 , 81 
,10 - 14, 116 , 62 , 54 
,15 - 19, 127 , 62 , 65 
,20 - 24, 232 , 128 , 104 
,25 - 29, 267 , 124 , 143 
,30 - 34, 192 , 98 , 94 
,35 - 39, 153 , 81 , 72 
,40 - 44, 130 , 60 , 70 
,45 - 49, 86 , 38 , 48 
,50 - 54, 107 , 52 , 55 
,55 - 59, 73 , 31 , 42 
,60 - 64, 48 , 25 , 23 
,65 - 69, 44 , 18 , 26 
,70 - 74, 39 , 19 , 20 
,75 - 79, 14 , 4 , 10 
,80 and over, 17 , 4 , 13 
,   Barangay 39,,,
,   Age Group,,,
,Total," 1,279 ", 671 , 608 
,0 - 4, 75 , 46 , 29 
,5 - 9, 73 , 40 , 33 
,10 - 14, 75 , 41 , 34 
,15 - 19, 103 , 57 , 46 
,20 - 24, 198 , 116 , 82 
,25 - 29, 159 , 83 , 76 
,30 - 34, 129 , 68 , 61 
,35 - 39, 92 , 50 , 42 
,40 - 44, 89 , 44 , 45 
,45 - 49, 64 , 31 , 33 
,50 - 54, 69 , 35 , 34 
,55 - 59, 65 , 32 , 33 
,60 - 64, 41 , 17 , 24 
,65 - 69, 13 , 2 , 11 
,70 - 74, 11 , 1 , 10 
,75 - 79, 10 , 6 , 4 
,80 and over, 13 , 2 , 11 
,   Barangay 40,,,
,   Age Group,,,
,Total," 2,299 "," 1,112 "," 1,187 "
,0 - 4, 109 , 56 , 53 
,5 - 9, 138 , 67 , 71 
,10 - 14, 156 , 83 , 73 
,15 - 19, 166 , 76 , 90 
,20 - 24, 278 , 153 , 125 
,25 - 29, 293 , 146 , 147 
,30 - 34, 237 , 120 , 117 
,35 - 39, 204 , 96 , 108 
,40 - 44, 165 , 81 , 84 
,45 - 49, 122 , 64 , 58 
,50 - 54, 117 , 49 , 68 
,55 - 59, 101 , 45 , 56 
,60 - 64, 78 , 34 , 44 
,65 - 69, 53 , 17 , 36 
,70 - 74, 48 , 18 , 30 
,75 - 79, 16 , 2 , 14 
,80 and over, 18 , 5 , 13 
,   Barangay 41,,,
,   Age Group,,,
,Total," 1,582 ", 795 , 787 
,0 - 4, 71 , 40 , 31 
,5 - 9, 91 , 48 , 43 
,10 - 14, 97 , 51 , 46 
,15 - 19, 72 , 40 , 32 
,20 - 24, 203 , 81 , 122 
,25 - 29, 355 , 202 , 153 
,30 - 34, 186 , 98 , 88 
,35 - 39, 155 , 71 , 84 
,40 - 44, 100 , 54 , 46 
,45 - 49, 55 , 25 , 30 
,50 - 54, 37 , 17 , 20 
,55 - 59, 60 , 30 , 30 
,60 - 64, 48 , 22 , 26 
,65 - 69, 19 , 8 , 11 
,70 - 74, 10 , 3 , 7 
,75 - 79, 3 , -   , 3 
,80 and over, 20 , 5 , 15 
,   Barangay 42,,,
,   Age Group,,,
,Total," 1,818 ", 874 , 944 
,0 - 4, 127 , 69 , 58 
,5 - 9, 126 , 64 , 62 
,10 - 14, 152 , 68 , 84 
,15 - 19, 118 , 56 , 62 
,20 - 24, 212 , 115 , 97 
,25 - 29, 227 , 101 , 126 
,30 - 34, 183 , 82 , 101 
,35 - 39, 143 , 67 , 76 
,40 - 44, 146 , 80 , 66 
,45 - 49, 89 , 44 , 45 
,50 - 54, 76 , 39 , 37 
,55 - 59, 72 , 36 , 36 
,60 - 64, 55 , 19 , 36 
,65 - 69, 43 , 19 , 24 
,70 - 74, 23 , 9 , 14 
,75 - 79, 12 , 4 , 8 
,80 and over, 14 , 2 , 12 
,   Barangay 43,,,
,   Age Group,,,
,Total," 2,620 "," 1,298 "," 1,322 "
,0 - 4, 195 , 105 , 90 
,5 - 9, 218 , 110 , 108 
,10 - 14, 257 , 130 , 127 
,15 - 19, 213 , 114 , 99 
,20 - 24, 293 , 148 , 145 
,25 - 29, 244 , 126 , 118 
,30 - 34, 246 , 122 , 124 
,35 - 39, 170 , 86 , 84 
,40 - 44, 182 , 103 , 79 
,45 - 49, 127 , 53 , 74 
,50 - 54, 120 , 58 , 62 
,55 - 59, 104 , 50 , 54 
,60 - 64, 108 , 46 , 62 
,65 - 69, 62 , 27 , 35 
,70 - 74, 40 , 12 , 28 
,75 - 79, 27 , 4 , 23 
,80 and over, 14 , 4 , 10 
,   Barangay 44,,,
,   Age Group,,,
,Total," 1,388 ", 674 , 714 
,0 - 4, 79 , 40 , 39 
,5 - 9, 105 , 55 , 50 
,10 - 14, 89 , 42 , 47 
,15 - 19, 82 , 37 , 45 
,20 - 24, 181 , 100 , 81 
,25 - 29, 175 , 85 , 90 
,30 - 34, 160 , 73 , 87 
,35 - 39, 115 , 69 , 46 
,40 - 44, 93 , 39 , 54 
,45 - 49, 72 , 35 , 37 
,50 - 54, 63 , 32 , 31 
,55 - 59, 44 , 22 , 22 
,60 - 64, 47 , 14 , 33 
,65 - 69, 32 , 14 , 18 
,70 - 74, 30 , 11 , 19 
,75 - 79, 6 , 1 , 5 
,80 and over, 15 , 5 , 10 
,   Barangay 45,,,
,   Age Group,,,
,Total," 1,630 ", 791 , 839 
,0 - 4, 97 , 51 , 46 
,5 - 9, 97 , 50 , 47 
,10 - 14, 116 , 70 , 46 
,15 - 19, 134 , 67 , 67 
,20 - 24, 171 , 72 , 99 
,25 - 29, 136 , 70 , 66 
,30 - 34, 170 , 74 , 96 
,35 - 39, 157 , 85 , 72 
,40 - 44, 102 , 56 , 46 
,45 - 49, 106 , 42 , 64 
,50 - 54, 81 , 38 , 43 
,55 - 59, 77 , 40 , 37 
,60 - 64, 57 , 24 , 33 
,65 - 69, 61 , 20 , 41 
,70 - 74, 43 , 25 , 18 
,75 - 79, 11 , 3 , 8 
,80 and over, 14 , 4 , 10 
,   Barangay 46,,,
,   Age Group,,,
,Total," 5,783 "," 2,885 "," 2,898 "
,0 - 4, 486 , 269 , 217 
,5 - 9, 516 , 267 , 249 
,10 - 14, 507 , 271 , 236 
,15 - 19, 480 , 223 , 257 
,20 - 24, 603 , 315 , 288 
,25 - 29, 682 , 336 , 346 
,30 - 34, 485 , 255 , 230 
,35 - 39, 419 , 218 , 201 
,40 - 44, 376 , 182 , 194 
,45 - 49, 288 , 146 , 142 
,50 - 54, 258 , 130 , 128 
,55 - 59, 194 , 85 , 109 
,60 - 64, 178 , 74 , 104 
,65 - 69, 160 , 67 , 93 
,70 - 74, 76 , 23 , 53 
,75 - 79, 35 , 15 , 20 
,80 and over, 40 , 9 , 31 
,   Barangay 47,,,
,   Age Group,,,
,Total," 1,193 ", 572 , 621 
,0 - 4, 52 , 26 , 26 
,5 - 9, 62 , 26 , 36 
,10 - 14, 67 , 38 , 29 
,15 - 19, 72 , 41 , 31 
,20 - 24, 156 , 80 , 76 
,25 - 29, 167 , 86 , 81 
,30 - 34, 119 , 59 , 60 
,35 - 39, 91 , 36 , 55 
,40 - 44, 82 , 33 , 49 
,45 - 49, 60 , 29 , 31 
,50 - 54, 59 , 29 , 30 
,55 - 59, 61 , 29 , 32 
,60 - 64, 45 , 17 , 28 
,65 - 69, 33 , 13 , 20 
,70 - 74, 34 , 15 , 19 
,75 - 79, 17 , 7 , 10 
,80 and over, 16 , 8 , 8 
,   Barangay 48,,,
,   Age Group,,,
,Total, 498 , 232 , 266 
,0 - 4, 27 , 17 , 10 
,5 - 9, 39 , 20 , 19 
,10 - 14, 40 , 17 , 23 
,15 - 19, 32 , 16 , 16 
,20 - 24, 42 , 23 , 19 
,25 - 29, 67 , 30 , 37 
,30 - 34, 47 , 18 , 29 
,35 - 39, 41 , 19 , 22 
,40 - 44, 26 , 18 , 8 
,45 - 49, 32 , 13 , 19 
,50 - 54, 14 , 6 , 8 
,55 - 59, 23 , 9 , 14 
,60 - 64, 13 , 5 , 8 
,65 - 69, 25 , 11 , 14 
,70 - 74, 17 , 7 , 10 
,75 - 79, 8 , 1 , 7 
,80 and over, 5 , 2 , 3 
,   Barangay 49,,,
,   Age Group,,,
,Total, 290 , 125 , 165 
,0 - 4, 8 , 3 , 5 
,5 - 9, 16 , 8 , 8 
,10 - 14, 18 , 7 , 11 
,15 - 19, 24 , 13 , 11 
,20 - 24, 29 , 10 , 19 
,25 - 29, 25 , 10 , 15 
,30 - 34, 22 , 7 , 15 
,35 - 39, 31 , 14 , 17 
,40 - 44, 21 , 10 , 11 
,45 - 49, 20 , 10 , 10 
,50 - 54, 12 , 4 , 8 
,55 - 59, 15 , 8 , 7 
,60 - 64, 19 , 7 , 12 
,65 - 69, 17 , 9 , 8 
,70 - 74, 9 , 3 , 6 
,75 - 79, -   , -   , -   
,80 and over, 4 , 2 , 2 
,   Barangay 50,,,
,   Age Group,,,
,Total, 478 , 237 , 241 
,0 - 4, 26 , 14 , 12 
,5 - 9, 28 , 15 , 13 
,10 - 14, 34 , 18 , 16 
,15 - 19, 33 , 17 , 16 
,20 - 24, 55 , 25 , 30 
,25 - 29, 57 , 30 , 27 
,30 - 34, 47 , 20 , 27 
,35 - 39, 42 , 22 , 20 
,40 - 44, 19 , 15 , 4 
,45 - 49, 37 , 21 , 16 
,50 - 54, 20 , 7 , 13 
,55 - 59, 18 , 8 , 10 
,60 - 64, 18 , 9 , 9 
,65 - 69, 19 , 7 , 12 
,70 - 74, 11 , 4 , 7 
,75 - 79, 9 , 4 , 5 
,80 and over, 5 , 1 , 4 
,   Barangay 51,,,
,   Age Group,,,
,Total," 2,159 "," 1,061 "," 1,098 "
,0 - 4, 157 , 79 , 78 
,5 - 9, 167 , 79 , 88 
,10 - 14, 171 , 97 , 74 
,15 - 19, 159 , 74 , 85 
,20 - 24, 241 , 125 , 116 
,25 - 29, 284 , 131 , 153 
,30 - 34, 216 , 105 , 111 
,35 - 39, 157 , 82 , 75 
,40 - 44, 128 , 71 , 57 
,45 - 49, 107 , 51 , 56 
,50 - 54, 115 , 59 , 56 
,55 - 59, 83 , 41 , 42 
,60 - 64, 74 , 38 , 36 
,65 - 69, 23 , 7 , 16 
,70 - 74, 30 , 11 , 19 
,75 - 79, 24 , 5 , 19 
,80 and over, 23 , 6 , 17 
,   Barangay 52,,,
,   Age Group,,,
,Total," 2,390 "," 1,193 "," 1,197 "
,0 - 4, 212 , 109 , 103 
,5 - 9, 239 , 136 , 103 
,10 - 14, 245 , 123 , 122 
,15 - 19, 223 , 107 , 116 
,20 - 24, 259 , 127 , 132 
,25 - 29, 239 , 113 , 126 
,30 - 34, 215 , 103 , 112 
,35 - 39, 175 , 89 , 86 
,40 - 44, 144 , 66 , 78 
,45 - 49, 102 , 61 , 41 
,50 - 54, 93 , 55 , 38 
,55 - 59, 95 , 38 , 57 
,60 - 64, 64 , 26 , 38 
,65 - 69, 38 , 20 , 18 
,70 - 74, 29 , 14 , 15 
,75 - 79, 7 , 2 , 5 
,80 and over, 11 , 4 , 7 
,   Barangay 53,,,
,   Age Group,,,
,Total, 788 , 369 , 419 
,0 - 4, 57 , 27 , 30 
,5 - 9, 71 , 41 , 30 
,10 - 14, 51 , 25 , 26 
,15 - 19, 56 , 27 , 29 
,20 - 24, 100 , 46 , 54 
,25 - 29, 114 , 52 , 62 
,30 - 34, 70 , 32 , 38 
,35 - 39, 60 , 32 , 28 
,40 - 44, 47 , 17 , 30 
,45 - 49, 33 , 16 , 17 
,50 - 54, 36 , 16 , 20 
,55 - 59, 32 , 18 , 14 
,60 - 64, 23 , 7 , 16 
,65 - 69, 12 , 4 , 8 
,70 - 74, 13 , 3 , 10 
,75 - 79, 6 , 4 , 2 
,80 and over, 7 , 2 , 5 
,   Barangay 54,,,
,   Age Group,,,
,Total," 1,479 ", 738 , 741 
,0 - 4, 129 , 74 , 55 
,5 - 9, 144 , 73 , 71 
,10 - 14, 122 , 58 , 64 
,15 - 19, 135 , 69 , 66 
,20 - 24, 162 , 85 , 77 
,25 - 29, 139 , 72 , 67 
,30 - 34, 141 , 64 , 77 
,35 - 39, 117 , 60 , 57 
,40 - 44, 96 , 50 , 46 
,45 - 49, 62 , 24 , 38 
,50 - 54, 68 , 35 , 33 
,55 - 59, 49 , 26 , 23 
,60 - 64, 36 , 17 , 19 
,65 - 69, 30 , 13 , 17 
,70 - 74, 25 , 11 , 14 
,75 - 79, 10 , 5 , 5 
,80 and over, 14 , 2 , 12 
,   Barangay 55,,,
,   Age Group,,,
,Total, 824 , 405 , 419 
,0 - 4, 53 , 26 , 27 
,5 - 9, 42 , 26 , 16 
,10 - 14, 59 , 33 , 26 
,15 - 19, 56 , 30 , 26 
,20 - 24, 96 , 52 , 44 
,25 - 29, 109 , 41 , 68 
,30 - 34, 99 , 47 , 52 
,35 - 39, 59 , 35 , 24 
,40 - 44, 59 , 27 , 32 
,45 - 49, 45 , 22 , 23 
,50 - 54, 38 , 17 , 21 
,55 - 59, 32 , 14 , 18 
,60 - 64, 25 , 13 , 12 
,65 - 69, 18 , 8 , 10 
,70 - 74, 14 , 8 , 6 
,75 - 79, 12 , 4 , 8 
,80 and over, 8 , 2 , 6 
,   Barangay 56,,,
,   Age Group,,,
,Total, 855 , 418 , 437 
,0 - 4, 45 , 32 , 13 
,5 - 9, 33 , 16 , 17 
,10 - 14, 62 , 37 , 25 
,15 - 19, 82 , 39 , 43 
,20 - 24, 101 , 54 , 47 
,25 - 29, 97 , 44 , 53 
,30 - 34, 76 , 37 , 39 
,35 - 39, 83 , 41 , 42 
,40 - 44, 62 , 23 , 39 
,45 - 49, 43 , 17 , 26 
,50 - 54, 39 , 22 , 17 
,55 - 59, 43 , 20 , 23 
,60 - 64, 30 , 14 , 16 
,65 - 69, 28 , 13 , 15 
,70 - 74, 22 , 9 , 13 
,75 - 79, 3 , -   , 3 
,80 and over, 6 , -   , 6 
,   Barangay 57,,,
,   Age Group,,,
,Total," 1,361 ", 656 , 705 
,0 - 4, 98 , 51 , 47 
,5 - 9, 89 , 44 , 45 
,10 - 14, 107 , 54 , 53 
,15 - 19, 97 , 46 , 51 
,20 - 24, 171 , 86 , 85 
,25 - 29, 149 , 69 , 80 
,30 - 34, 134 , 61 , 73 
,35 - 39, 118 , 59 , 59 
,40 - 44, 83 , 38 , 45 
,45 - 49, 76 , 38 , 38 
,50 - 54, 80 , 37 , 43 
,55 - 59, 38 , 20 , 18 
,60 - 64, 38 , 17 , 21 
,65 - 69, 41 , 16 , 25 
,70 - 74, 22 , 11 , 11 
,75 - 79, 10 , 6 , 4 
,80 and over, 10 , 3 , 7 
,   Barangay 58,,,
,   Age Group,,,
,Total," 1,382 ", 681 , 701 
,0 - 4, 103 , 54 , 49 
,5 - 9, 106 , 49 , 57 
,10 - 14, 115 , 70 , 45 
,15 - 19, 141 , 56 , 85 
,20 - 24, 155 , 76 , 79 
,25 - 29, 158 , 80 , 78 
,30 - 34, 107 , 55 , 52 
,35 - 39, 115 , 57 , 58 
,40 - 44, 99 , 52 , 47 
,45 - 49, 77 , 42 , 35 
,50 - 54, 57 , 31 , 26 
,55 - 59, 50 , 17 , 33 
,60 - 64, 44 , 21 , 23 
,65 - 69, 25 , 13 , 12 
,70 - 74, 16 , 5 , 11 
,75 - 79, 9 , 3 , 6 
,80 and over, 5 , -   , 5 
,   Barangay 59,,,
,   Age Group,,,
,Total," 1,643 ", 803 , 840 
,0 - 4, 71 , 39 , 32 
,5 - 9, 84 , 41 , 43 
,10 - 14, 84 , 45 , 39 
,15 - 19, 123 , 61 , 62 
,20 - 24, 221 , 117 , 104 
,25 - 29, 233 , 111 , 122 
,30 - 34, 157 , 72 , 85 
,35 - 39, 139 , 75 , 64 
,40 - 44, 106 , 55 , 51 
,45 - 49, 93 , 42 , 51 
,50 - 54, 111 , 36 , 75 
,55 - 59, 66 , 35 , 31 
,60 - 64, 46 , 20 , 26 
,65 - 69, 49 , 26 , 23 
,70 - 74, 22 , 11 , 11 
,75 - 79, 16 , 9 , 7 
,80 and over, 22 , 8 , 14 
,   Barangay 60,,,
,   Age Group,,,
,Total," 1,416 ", 696 , 720 
,0 - 4, 101 , 49 , 52 
,5 - 9, 87 , 44 , 43 
,10 - 14, 119 , 57 , 62 
,15 - 19, 112 , 58 , 54 
,20 - 24, 174 , 86 , 88 
,25 - 29, 165 , 99 , 66 
,30 - 34, 115 , 67 , 48 
,35 - 39, 120 , 47 , 73 
,40 - 44, 72 , 35 , 37 
,45 - 49, 73 , 32 , 41 
,50 - 54, 68 , 35 , 33 
,55 - 59, 79 , 27 , 52 
,60 - 64, 48 , 23 , 25 
,65 - 69, 22 , 12 , 10 
,70 - 74, 15 , 6 , 9 
,75 - 79, 21 , 7 , 14 
,80 and over, 25 , 12 , 13 
,   Barangay 61,,,
,   Age Group,,,
,Total," 2,503 "," 1,231 "," 1,272 "
,0 - 4, 205 , 96 , 109 
,5 - 9, 229 , 113 , 116 
,10 - 14, 246 , 138 , 108 
,15 - 19, 228 , 107 , 121 
,20 - 24, 236 , 122 , 114 
,25 - 29, 264 , 137 , 127 
,30 - 34, 192 , 97 , 95 
,35 - 39, 188 , 98 , 90 
,40 - 44, 178 , 79 , 99 
,45 - 49, 130 , 64 , 66 
,50 - 54, 124 , 63 , 61 
,55 - 59, 73 , 35 , 38 
,60 - 64, 81 , 39 , 42 
,65 - 69, 54 , 23 , 31 
,70 - 74, 37 , 11 , 26 
,75 - 79, 21 , 6 , 15 
,80 and over, 17 , 3 , 14 
,   Barangay 62,,,
,   Age Group,,,
,Total," 1,228 ", 588 , 640 
,0 - 4, 98 , 44 , 54 
,5 - 9, 103 , 51 , 52 
,10 - 14, 89 , 45 , 44 
,15 - 19, 105 , 45 , 60 
,20 - 24, 153 , 74 , 79 
,25 - 29, 118 , 59 , 59 
,30 - 34, 91 , 48 , 43 
,35 - 39, 97 , 47 , 50 
,40 - 44, 96 , 47 , 49 
,45 - 49, 71 , 34 , 37 
,50 - 54, 55 , 27 , 28 
,55 - 59, 54 , 30 , 24 
,60 - 64, 34 , 14 , 20 
,65 - 69, 30 , 14 , 16 
,70 - 74, 13 , 5 , 8 
,75 - 79, 7 , 1 , 6 
,80 and over, 14 , 3 , 11 
,   Barangay 63,,,
,   Age Group,,,
,Total, 679 , 341 , 338 
,0 - 4, 50 , 25 , 25 
,5 - 9, 46 , 26 , 20 
,10 - 14, 53 , 21 , 32 
,15 - 19, 58 , 36 , 22 
,20 - 24, 69 , 41 , 28 
,25 - 29, 63 , 32 , 31 
,30 - 34, 63 , 35 , 28 
,35 - 39, 48 , 22 , 26 
,40 - 44, 37 , 20 , 17 
,45 - 49, 48 , 18 , 30 
,50 - 54, 39 , 21 , 18 
,55 - 59, 29 , 15 , 14 
,60 - 64, 30 , 9 , 21 
,65 - 69, 16 , 6 , 10 
,70 - 74, 11 , 7 , 4 
,75 - 79, 10 , 3 , 7 
,80 and over, 9 , 4 , 5 
,   Barangay 64,,,
,   Age Group,,,
,Total," 1,582 ", 764 , 818 
,0 - 4, 112 , 57 , 55 
,5 - 9, 145 , 69 , 76 
,10 - 14, 121 , 56 , 65 
,15 - 19, 113 , 60 , 53 
,20 - 24, 161 , 77 , 84 
,25 - 29, 161 , 86 , 75 
,30 - 34, 151 , 77 , 74 
,35 - 39, 148 , 74 , 74 
,40 - 44, 117 , 60 , 57 
,45 - 49, 73 , 33 , 40 
,50 - 54, 61 , 31 , 30 
,55 - 59, 68 , 27 , 41 
,60 - 64, 58 , 24 , 34 
,65 - 69, 34 , 13 , 21 
,70 - 74, 27 , 10 , 17 
,75 - 79, 15 , 5 , 10 
,80 and over, 17 , 5 , 12 
,   Barangay 65,,,
,   Age Group,,,
,Total," 2,932 "," 1,433 "," 1,499 "
,0 - 4, 193 , 88 , 105 
,5 - 9, 229 , 110 , 119 
,10 - 14, 216 , 108 , 108 
,15 - 19, 229 , 109 , 120 
,20 - 24, 343 , 181 , 162 
,25 - 29, 324 , 161 , 163 
,30 - 34, 316 , 166 , 150 
,35 - 39, 222 , 113 , 109 
,40 - 44, 183 , 89 , 94 
,45 - 49, 167 , 87 , 80 
,50 - 54, 148 , 68 , 80 
,55 - 59, 128 , 59 , 69 
,60 - 64, 93 , 50 , 43 
,65 - 69, 72 , 26 , 46 
,70 - 74, 36 , 9 , 27 
,75 - 79, 18 , 6 , 12 
,80 and over, 15 , 3 , 12 
,   Barangay 66,,,
,   Age Group,,,
,Total," 2,797 "," 1,381 "," 1,416 "
,0 - 4, 207 , 106 , 101 
,5 - 9, 257 , 136 , 121 
,10 - 14, 249 , 130 , 119 
,15 - 19, 241 , 124 , 117 
,20 - 24, 332 , 176 , 156 
,25 - 29, 306 , 142 , 164 
,30 - 34, 221 , 114 , 107 
,35 - 39, 197 , 98 , 99 
,40 - 44, 169 , 75 , 94 
,45 - 49, 164 , 78 , 86 
,50 - 54, 145 , 71 , 74 
,55 - 59, 117 , 61 , 56 
,60 - 64, 82 , 37 , 45 
,65 - 69, 43 , 12 , 31 
,70 - 74, 35 , 14 , 21 
,75 - 79, 20 , 4 , 16 
,80 and over, 12 , 3 , 9 
,   Barangay 67,,,
,   Age Group,,,
,Total," 1,104 ", 507 , 597 
,0 - 4, 77 , 46 , 31 
,5 - 9, 56 , 30 , 26 
,10 - 14, 65 , 30 , 35 
,15 - 19, 97 , 53 , 44 
,20 - 24, 135 , 45 , 90 
,25 - 29, 185 , 89 , 96 
,30 - 34, 100 , 38 , 62 
,35 - 39, 81 , 37 , 44 
,40 - 44, 58 , 30 , 28 
,45 - 49, 47 , 22 , 25 
,50 - 54, 61 , 33 , 28 
,55 - 59, 54 , 18 , 36 
,60 - 64, 38 , 21 , 17 
,65 - 69, 20 , 5 , 15 
,70 - 74, 15 , 7 , 8 
,75 - 79, 5 , 1 , 4 
,80 and over, 10 , 2 , 8 
,   Barangay 68,,,
,   Age Group,,,
,Total, 852 , 434 , 418 
,0 - 4, 62 , 28 , 34 
,5 - 9, 65 , 33 , 32 
,10 - 14, 57 , 27 , 30 
,15 - 19, 65 , 35 , 30 
,20 - 24, 122 , 60 , 62 
,25 - 29, 106 , 57 , 49 
,30 - 34, 96 , 50 , 46 
,35 - 39, 72 , 43 , 29 
,40 - 44, 45 , 25 , 20 
,45 - 49, 48 , 24 , 24 
,50 - 54, 33 , 22 , 11 
,55 - 59, 33 , 12 , 21 
,60 - 64, 26 , 10 , 16 
,65 - 69, 7 , 4 , 3 
,70 - 74, 6 , 1 , 5 
,75 - 79, 5 , 2 , 3 
,80 and over, 4 , 1 , 3 
,   Barangay 69,,,
,   Age Group,,,
,Total," 1,130 ", 580 , 550 
,0 - 4, 96 , 60 , 36 
,5 - 9, 75 , 37 , 38 
,10 - 14, 83 , 45 , 38 
,15 - 19, 99 , 53 , 46 
,20 - 24, 138 , 73 , 65 
,25 - 29, 102 , 55 , 47 
,30 - 34, 86 , 49 , 37 
,35 - 39, 91 , 40 , 51 
,40 - 44, 79 , 45 , 34 
,45 - 49, 76 , 36 , 40 
,50 - 54, 54 , 22 , 32 
,55 - 59, 40 , 27 , 13 
,60 - 64, 37 , 18 , 19 
,65 - 69, 25 , 8 , 17 
,70 - 74, 28 , 9 , 19 
,75 - 79, 5 , 2 , 3 
,80 and over, 16 , 1 , 15 
,   Barangay 70,,,
,   Age Group,,,
,Total, 802 , 394 , 408 
,0 - 4, 26 , 16 , 10 
,5 - 9, 40 , 16 , 24 
,10 - 14, 46 , 25 , 21 
,15 - 19, 78 , 45 , 33 
,20 - 24, 91 , 42 , 49 
,25 - 29, 83 , 37 , 46 
,30 - 34, 109 , 53 , 56 
,35 - 39, 63 , 33 , 30 
,40 - 44, 60 , 39 , 21 
,45 - 49, 39 , 18 , 21 
,50 - 54, 53 , 25 , 28 
,55 - 59, 33 , 14 , 19 
,60 - 64, 35 , 16 , 19 
,65 - 69, 23 , 9 , 14 
,70 - 74, 9 , 3 , 6 
,75 - 79, 7 , 2 , 5 
,80 and over, 7 , 1 , 6 
,   Barangay 71,,,
,   Age Group,,,
,Total, 685 , 350 , 335 
,0 - 4, 53 , 29 , 24 
,5 - 9, 49 , 26 , 23 
,10 - 14, 38 , 19 , 19 
,15 - 19, 50 , 26 , 24 
,20 - 24, 94 , 53 , 41 
,25 - 29, 72 , 33 , 39 
,30 - 34, 78 , 34 , 44 
,35 - 39, 42 , 25 , 17 
,40 - 44, 48 , 29 , 19 
,45 - 49, 41 , 18 , 23 
,50 - 54, 34 , 19 , 15 
,55 - 59, 29 , 13 , 16 
,60 - 64, 25 , 10 , 15 
,65 - 69, 17 , 10 , 7 
,70 - 74, 5 , 3 , 2 
,75 - 79, 6 , 2 , 4 
,80 and over, 4 , 1 , 3 
,   Barangay 72,,,
,   Age Group,,,
,Total," 1,391 ", 679 , 712 
,0 - 4, 91 , 41 , 50 
,5 - 9, 91 , 54 , 37 
,10 - 14, 110 , 57 , 53 
,15 - 19, 119 , 60 , 59 
,20 - 24, 159 , 76 , 83 
,25 - 29, 132 , 64 , 68 
,30 - 34, 138 , 67 , 71 
,35 - 39, 122 , 67 , 55 
,40 - 44, 93 , 48 , 45 
,45 - 49, 62 , 28 , 34 
,50 - 54, 74 , 33 , 41 
,55 - 59, 56 , 22 , 34 
,60 - 64, 54 , 27 , 27 
,65 - 69, 43 , 16 , 27 
,70 - 74, 29 , 12 , 17 
,75 - 79, 10 , 4 , 6 
,80 and over, 8 , 3 , 5 
,   Barangay 73,,,
,   Age Group,,,
,Total, 618 , 346 , 272 
,0 - 4, 55 , 33 , 22 
,5 - 9, 58 , 29 , 29 
,10 - 14, 50 , 31 , 19 
,15 - 19, 34 , 16 , 18 
,20 - 24, 73 , 44 , 29 
,25 - 29, 76 , 45 , 31 
,30 - 34, 65 , 34 , 31 
,35 - 39, 60 , 35 , 25 
,40 - 44, 48 , 29 , 19 
,45 - 49, 39 , 20 , 19 
,50 - 54, 19 , 15 , 4 
,55 - 59, 13 , 11 , 2 
,60 - 64, 10 , 3 , 7 
,65 - 69, 6 , 1 , 5 
,70 - 74, 5 , -   , 5 
,75 - 79, 3 , -   , 3 
,80 and over, 4 , -   , 4 
,   Barangay 74,,,
,   Age Group,,,
,Total, 460 , 238 , 222 
,0 - 4, 40 , 19 , 21 
,5 - 9, 24 , 16 , 8 
,10 - 14, 25 , 13 , 12 
,15 - 19, 26 , 16 , 10 
,20 - 24, 66 , 33 , 33 
,25 - 29, 63 , 36 , 27 
,30 - 34, 55 , 28 , 27 
,35 - 39, 23 , 15 , 8 
,40 - 44, 25 , 11 , 14 
,45 - 49, 23 , 8 , 15 
,50 - 54, 20 , 8 , 12 
,55 - 59, 29 , 15 , 14 
,60 - 64, 7 , 3 , 4 
,65 - 69, 6 , 3 , 3 
,70 - 74, 10 , 4 , 6 
,75 - 79, 9 , 7 , 2 
,80 and over, 9 , 3 , 6 
,   Barangay 75,,,
,   Age Group,,,
,Total," 1,326 ", 669 , 657 
,0 - 4, 106 , 55 , 51 
,5 - 9, 104 , 50 , 54 
,10 - 14, 91 , 51 , 40 
,15 - 19, 92 , 46 , 46 
,20 - 24, 160 , 76 , 84 
,25 - 29, 174 , 87 , 87 
,30 - 34, 144 , 71 , 73 
,35 - 39, 108 , 53 , 55 
,40 - 44, 90 , 45 , 45 
,45 - 49, 89 , 50 , 39 
,50 - 54, 46 , 27 , 19 
,55 - 59, 49 , 25 , 24 
,60 - 64, 26 , 13 , 13 
,65 - 69, 25 , 10 , 15 
,70 - 74, 11 , 4 , 7 
,75 - 79, 5 , 3 , 2 
,80 and over, 6 , 3 , 3 
,   Barangay 76,,,
,   Age Group,,,
,Total," 19,212 "," 9,592 "," 9,620 "
,0 - 4," 1,256 ", 630 , 626 
,5 - 9," 1,331 ", 714 , 617 
,10 - 14," 1,285 ", 637 , 648 
,15 - 19," 1,303 ", 648 , 655 
,20 - 24," 2,051 "," 1,035 "," 1,016 "
,25 - 29," 2,958 "," 1,433 "," 1,525 "
,30 - 34," 2,138 "," 1,108 "," 1,030 "
,35 - 39," 1,807 ", 896 , 911 
,40 - 44," 1,444 ", 757 , 687 
,45 - 49," 1,021 ", 483 , 538 
,50 - 54, 722 , 340 , 382 
,55 - 59, 656 , 331 , 325 
,60 - 64, 421 , 202 , 219 
,65 - 69, 379 , 200 , 179 
,70 - 74, 258 , 97 , 161 
,75 - 79, 92 , 37 , 55 
,80 and over, 90 , 44 , 46 
,   Barangay 77,,,
,   Age Group,,,
,Total," 1,107 ", 511 , 596 
,0 - 4, 67 , 26 , 41 
,5 - 9, 74 , 27 , 47 
,10 - 14, 90 , 45 , 45 
,15 - 19, 67 , 34 , 33 
,20 - 24, 126 , 60 , 66 
,25 - 29, 149 , 68 , 81 
,30 - 34, 116 , 60 , 56 
,35 - 39, 86 , 44 , 42 
,40 - 44, 101 , 45 , 56 
,45 - 49, 50 , 21 , 29 
,50 - 54, 65 , 41 , 24 
,55 - 59, 48 , 17 , 31 
,60 - 64, 19 , 4 , 15 
,65 - 69, 15 , 6 , 9 
,70 - 74, 15 , 6 , 9 
,75 - 79, 8 , 3 , 5 
,80 and over, 11 , 4 , 7 
,   Barangay 78,,,
,   Age Group,,,
,Total, 494 , 269 , 225 
,0 - 4, 38 , 17 , 21 
,5 - 9, 46 , 24 , 22 
,10 - 14, 30 , 20 , 10 
,15 - 19, 41 , 20 , 21 
,20 - 24, 52 , 30 , 22 
,25 - 29, 56 , 32 , 24 
,30 - 34, 44 , 22 , 22 
,35 - 39, 37 , 21 , 16 
,40 - 44, 49 , 28 , 21 
,45 - 49, 39 , 22 , 17 
,50 - 54, 20 , 12 , 8 
,55 - 59, 14 , 6 , 8 
,60 - 64, 10 , 6 , 4 
,65 - 69, 5 , 3 , 2 
,70 - 74, 10 , 6 , 4 
,75 - 79, 1 , -   , 1 
,80 and over, 2 , -   , 2 
,   Barangay 79,,,
,   Age Group,,,
,Total, 677 , 330 , 347 
,0 - 4, 87 , 52 , 35 
,5 - 9, 74 , 34 , 40 
,10 - 14, 58 , 28 , 30 
,15 - 19, 67 , 28 , 39 
,20 - 24, 75 , 34 , 41 
,25 - 29, 68 , 35 , 33 
,30 - 34, 57 , 27 , 30 
,35 - 39, 52 , 23 , 29 
,40 - 44, 21 , 11 , 10 
,45 - 49, 31 , 16 , 15 
,50 - 54, 23 , 11 , 12 
,55 - 59, 23 , 13 , 10 
,60 - 64, 16 , 8 , 8 
,65 - 69, 14 , 5 , 9 
,70 - 74, 6 , 3 , 3 
,75 - 79, 2 , -   , 2 
,80 and over, 3 , 2 , 1 
,   Barangay 80,,,
,   Age Group,,,
,Total," 1,208 ", 618 , 590 
,0 - 4, 79 , 39 , 40 
,5 - 9, 102 , 60 , 42 
,10 - 14, 104 , 62 , 42 
,15 - 19, 107 , 58 , 49 
,20 - 24, 134 , 62 , 72 
,25 - 29, 103 , 49 , 54 
,30 - 34, 114 , 58 , 56 
,35 - 39, 105 , 57 , 48 
,40 - 44, 98 , 56 , 42 
,45 - 49, 84 , 34 , 50 
,50 - 54, 49 , 25 , 24 
,55 - 59, 35 , 14 , 21 
,60 - 64, 30 , 16 , 14 
,65 - 69, 25 , 12 , 13 
,70 - 74, 18 , 6 , 12 
,75 - 79, 11 , 5 , 6 
,80 and over, 10 , 5 , 5 
,   Barangay 81,,,
,   Age Group,,,
,Total," 2,129 "," 1,070 "," 1,059 "
,0 - 4, 138 , 67 , 71 
,5 - 9, 154 , 84 , 70 
,10 - 14, 146 , 66 , 80 
,15 - 19, 114 , 46 , 68 
,20 - 24, 300 , 144 , 156 
,25 - 29, 291 , 131 , 160 
,30 - 34, 253 , 148 , 105 
,35 - 39, 224 , 125 , 99 
,40 - 44, 150 , 90 , 60 
,45 - 49, 104 , 54 , 50 
,50 - 54, 69 , 33 , 36 
,55 - 59, 67 , 33 , 34 
,60 - 64, 50 , 24 , 26 
,65 - 69, 37 , 14 , 23 
,70 - 74, 20 , 6 , 14 
,75 - 79, 9 , 3 , 6 
,80 and over, 3 , 2 , 1 
,   Barangay 82,,,
,   Age Group,,,
,Total, 554 , 283 , 271 
,0 - 4, 43 , 20 , 23 
,5 - 9, 39 , 22 , 17 
,10 - 14, 34 , 18 , 16 
,15 - 19, 41 , 23 , 18 
,20 - 24, 72 , 33 , 39 
,25 - 29, 94 , 47 , 47 
,30 - 34, 52 , 25 , 27 
,35 - 39, 44 , 23 , 21 
,40 - 44, 32 , 16 , 16 
,45 - 49, 34 , 17 , 17 
,50 - 54, 17 , 10 , 7 
,55 - 59, 19 , 12 , 7 
,60 - 64, 13 , 7 , 6 
,65 - 69, 6 , 2 , 4 
,70 - 74, 6 , 4 , 2 
,75 - 79, 6 , 3 , 3 
,80 and over, 2 , 1 , 1 
,   Barangay 83,,,
,   Age Group,,,
,Total, 794 , 381 , 413 
,0 - 4, 49 , 26 , 23 
,5 - 9, 35 , 21 , 14 
,10 - 14, 45 , 24 , 21 
,15 - 19, 54 , 30 , 24 
,20 - 24, 95 , 39 , 56 
,25 - 29, 113 , 50 , 63 
,30 - 34, 88 , 40 , 48 
,35 - 39, 68 , 36 , 32 
,40 - 44, 52 , 29 , 23 
,45 - 49, 41 , 19 , 22 
,50 - 54, 45 , 20 , 25 
,55 - 59, 39 , 21 , 18 
,60 - 64, 25 , 10 , 15 
,65 - 69, 27 , 11 , 16 
,70 - 74, 4 , -   , 4 
,75 - 79, 8 , 4 , 4 
,80 and over, 6 , 1 , 5 
,   Barangay 84,,,
,   Age Group,,,
,Total, 719 , 369 , 350 
,0 - 4, 44 , 20 , 24 
,5 - 9, 40 , 23 , 17 
,10 - 14, 56 , 29 , 27 
,15 - 19, 42 , 24 , 18 
,20 - 24, 87 , 41 , 46 
,25 - 29, 88 , 44 , 44 
,30 - 34, 78 , 42 , 36 
,35 - 39, 74 , 42 , 32 
,40 - 44, 45 , 24 , 21 
,45 - 49, 38 , 22 , 16 
,50 - 54, 34 , 19 , 15 
,55 - 59, 23 , 10 , 13 
,60 - 64, 29 , 10 , 19 
,65 - 69, 21 , 11 , 10 
,70 - 74, 12 , 5 , 7 
,75 - 79, 5 , 2 , 3 
,80 and over, 3 , 1 , 2 
,   Barangay 85,,,
,   Age Group,,,
,Total," 1,285 ", 642 , 643 
,0 - 4, 72 , 33 , 39 
,5 - 9, 86 , 46 , 40 
,10 - 14, 92 , 47 , 45 
,15 - 19, 100 , 50 , 50 
,20 - 24, 130 , 70 , 60 
,25 - 29, 188 , 91 , 97 
,30 - 34, 126 , 72 , 54 
,35 - 39, 103 , 52 , 51 
,40 - 44, 90 , 44 , 46 
,45 - 49, 71 , 41 , 30 
,50 - 54, 61 , 28 , 33 
,55 - 59, 56 , 21 , 35 
,60 - 64, 48 , 21 , 27 
,65 - 69, 33 , 16 , 17 
,70 - 74, 13 , 6 , 7 
,75 - 79, 11 , 4 , 7 
,80 and over, 5 , -   , 5 
,   Barangay 86,,,
,   Age Group,,,
,Total," 1,354 ", 663 , 691 
,0 - 4, 62 , 29 , 33 
,5 - 9, 72 , 39 , 33 
,10 - 14, 60 , 31 , 29 
,15 - 19, 107 , 50 , 57 
,20 - 24, 173 , 87 , 86 
,25 - 29, 174 , 93 , 81 
,30 - 34, 169 , 82 , 87 
,35 - 39, 115 , 57 , 58 
,40 - 44, 100 , 50 , 50 
,45 - 49, 66 , 33 , 33 
,50 - 54, 78 , 36 , 42 
,55 - 59, 61 , 28 , 33 
,60 - 64, 61 , 31 , 30 
,65 - 69, 24 , 6 , 18 
,70 - 74, 19 , 8 , 11 
,75 - 79, 4 , 1 , 3 
,80 and over, 9 , 2 , 7 
,   Barangay 87,,,
,   Age Group,,,
,Total, 633 , 304 , 329 
,0 - 4, 44 , 23 , 21 
,5 - 9, 54 , 27 , 27 
,10 - 14, 61 , 30 , 31 
,15 - 19, 38 , 16 , 22 
,20 - 24, 79 , 37 , 42 
,25 - 29, 90 , 40 , 50 
,30 - 34, 91 , 39 , 52 
,35 - 39, 62 , 35 , 27 
,40 - 44, 43 , 26 , 17 
,45 - 49, 16 , 6 , 10 
,50 - 54, 12 , 9 , 3 
,55 - 59, 24 , 11 , 13 
,60 - 64, 11 , 2 , 9 
,65 - 69, 1 , 1 , -   
,70 - 74, 4 , 2 , 2 
,75 - 79, 3 , -   , 3 
,80 and over, -   , -   , -   
,   Barangay 88,,,
,   Age Group,,,
,Total, 902 , 457 , 445 
,0 - 4, 101 , 57 , 44 
,5 - 9, 96 , 57 , 39 
,10 - 14, 78 , 34 , 44 
,15 - 19, 92 , 53 , 39 
,20 - 24, 104 , 54 , 50 
,25 - 29, 91 , 52 , 39 
,30 - 34, 67 , 27 , 40 
,35 - 39, 69 , 29 , 40 
,40 - 44, 58 , 32 , 26 
,45 - 49, 46 , 16 , 30 
,50 - 54, 34 , 18 , 16 
,55 - 59, 17 , 8 , 9 
,60 - 64, 29 , 11 , 18 
,65 - 69, 9 , 5 , 4 
,70 - 74, 4 , 2 , 2 
,75 - 79, 1 , 1 , -   
,80 and over, 6 , 1 , 5 
,   Barangay 89,,,
,   Age Group,,,
,Total, 959 , 490 , 469 
,0 - 4, 82 , 41 , 41 
,5 - 9, 79 , 38 , 41 
,10 - 14, 90 , 48 , 42 
,15 - 19, 88 , 43 , 45 
,20 - 24, 104 , 63 , 41 
,25 - 29, 131 , 70 , 61 
,30 - 34, 123 , 57 , 66 
,35 - 39, 70 , 37 , 33 
,40 - 44, 63 , 35 , 28 
,45 - 49, 43 , 20 , 23 
,50 - 54, 27 , 15 , 12 
,55 - 59, 23 , 10 , 13 
,60 - 64, 19 , 7 , 12 
,65 - 69, 12 , 3 , 9 
,70 - 74, 2 , -   , 2 
,75 - 79, 2 , 2 , -   
,80 and over, 1 , 1 , -   
,   Barangay 90,,,
,   Age Group,,,
,Total," 1,615 ", 836 , 779 
,0 - 4, 131 , 69 , 62 
,5 - 9, 144 , 78 , 66 
,10 - 14, 135 , 76 , 59 
,15 - 19, 157 , 83 , 74 
,20 - 24, 180 , 85 , 95 
,25 - 29, 152 , 90 , 62 
,30 - 34, 155 , 83 , 72 
,35 - 39, 109 , 61 , 48 
,40 - 44, 103 , 52 , 51 
,45 - 49, 98 , 41 , 57 
,50 - 54, 76 , 39 , 37 
,55 - 59, 56 , 25 , 31 
,60 - 64, 50 , 23 , 27 
,65 - 69, 29 , 13 , 16 
,70 - 74, 17 , 8 , 9 
,75 - 79, 11 , 6 , 5 
,80 and over, 12 , 4 , 8 
,   Barangay 91,,,
,   Age Group,,,
,Total," 1,881 ", 943 , 938 
,0 - 4, 160 , 80 , 80 
,5 - 9, 199 , 103 , 96 
,10 - 14, 189 , 94 , 95 
,15 - 19, 162 , 85 , 77 
,20 - 24, 195 , 98 , 97 
,25 - 29, 192 , 92 , 100 
,30 - 34, 156 , 82 , 74 
,35 - 39, 138 , 72 , 66 
,40 - 44, 117 , 68 , 49 
,45 - 49, 78 , 36 , 42 
,50 - 54, 98 , 41 , 57 
,55 - 59, 79 , 45 , 34 
,60 - 64, 57 , 23 , 34 
,65 - 69, 33 , 16 , 17 
,70 - 74, 14 , 4 , 10 
,75 - 79, 10 , 2 , 8 
,80 and over, 4 , 2 , 2 
,   Barangay 92,,,
,   Age Group,,,
,Total, 469 , 226 , 243 
,0 - 4, 44 , 25 , 19 
,5 - 9, 36 , 18 , 18 
,10 - 14, 35 , 20 , 15 
,15 - 19, 30 , 19 , 11 
,20 - 24, 63 , 28 , 35 
,25 - 29, 62 , 27 , 35 
,30 - 34, 48 , 25 , 23 
,35 - 39, 33 , 14 , 19 
,40 - 44, 23 , 10 , 13 
,45 - 49, 22 , 13 , 9 
,50 - 54, 20 , 11 , 9 
,55 - 59, 20 , 6 , 14 
,60 - 64, 14 , 4 , 10 
,65 - 69, 11 , 5 , 6 
,70 - 74, 5 , 1 , 4 
,75 - 79, -   , -   , -   
,80 and over, 3 , -   , 3 
,   Barangay 93,,,
,   Age Group,,,
,Total, 372 , 194 , 178 
,0 - 4, 42 , 22 , 20 
,5 - 9, 33 , 16 , 17 
,10 - 14, 25 , 15 , 10 
,15 - 19, 23 , 9 , 14 
,20 - 24, 60 , 26 , 34 
,25 - 29, 57 , 30 , 27 
,30 - 34, 24 , 19 , 5 
,35 - 39, 28 , 18 , 10 
,40 - 44, 17 , 9 , 8 
,45 - 49, 24 , 10 , 14 
,50 - 54, 15 , 8 , 7 
,55 - 59, 11 , 4 , 7 
,60 - 64, 6 , 4 , 2 
,65 - 69, 2 , 2 , -   
,70 - 74, 3 , 2 , 1 
,75 - 79, 1 , -   , 1 
,80 and over, 1 , -   , 1 
,   Barangay 94,,,
,   Age Group,,,
,Total," 2,375 "," 1,171 "," 1,204 "
,0 - 4, 213 , 107 , 106 
,5 - 9, 217 , 107 , 110 
,10 - 14, 234 , 120 , 114 
,15 - 19, 200 , 98 , 102 
,20 - 24, 298 , 138 , 160 
,25 - 29, 322 , 168 , 154 
,30 - 34, 210 , 100 , 110 
,35 - 39, 171 , 92 , 79 
,40 - 44, 156 , 77 , 79 
,45 - 49, 102 , 49 , 53 
,50 - 54, 91 , 41 , 50 
,55 - 59, 65 , 36 , 29 
,60 - 64, 33 , 15 , 18 
,65 - 69, 26 , 10 , 16 
,70 - 74, 19 , 6 , 13 
,75 - 79, 12 , 5 , 7 
,80 and over, 6 , 2 , 4 
,   Barangay 95,,,
,   Age Group,,,
,Total," 1,109 ", 535 , 574 
,0 - 4, 67 , 35 , 32 
,5 - 9, 72 , 39 , 33 
,10 - 14, 70 , 40 , 30 
,15 - 19, 68 , 28 , 40 
,20 - 24, 120 , 54 , 66 
,25 - 29, 103 , 51 , 52 
,30 - 34, 120 , 67 , 53 
,35 - 39, 98 , 47 , 51 
,40 - 44, 79 , 40 , 39 
,45 - 49, 64 , 33 , 31 
,50 - 54, 72 , 34 , 38 
,55 - 59, 57 , 26 , 31 
,60 - 64, 47 , 21 , 26 
,65 - 69, 30 , 11 , 19 
,70 - 74, 21 , 7 , 14 
,75 - 79, 6 , -   , 6 
,80 and over, 15 , 2 , 13 
,   Barangay 96,,,
,   Age Group,,,
,Total, 826 , 410 , 416 
,0 - 4, 69 , 41 , 28 
,5 - 9, 55 , 25 , 30 
,10 - 14, 67 , 36 , 31 
,15 - 19, 45 , 24 , 21 
,20 - 24, 115 , 62 , 53 
,25 - 29, 112 , 53 , 59 
,30 - 34, 84 , 39 , 45 
,35 - 39, 76 , 40 , 36 
,40 - 44, 51 , 24 , 27 
,45 - 49, 45 , 21 , 24 
,50 - 54, 30 , 14 , 16 
,55 - 59, 18 , 9 , 9 
,60 - 64, 17 , 9 , 8 
,65 - 69, 14 , 4 , 10 
,70 - 74, 15 , 6 , 9 
,75 - 79, 4 , 2 , 2 
,80 and over, 9 , 1 , 8 
,   Barangay 97,,,
,   Age Group,,,
,Total," 1,348 ", 709 , 639 
,0 - 4, 81 , 42 , 39 
,5 - 9, 90 , 56 , 34 
,10 - 14, 81 , 56 , 25 
,15 - 19, 89 , 53 , 36 
,20 - 24, 149 , 75 , 74 
,25 - 29, 159 , 79 , 80 
,30 - 34, 137 , 63 , 74 
,35 - 39, 133 , 74 , 59 
,40 - 44, 96 , 47 , 49 
,45 - 49, 83 , 47 , 36 
,50 - 54, 80 , 41 , 39 
,55 - 59, 56 , 26 , 30 
,60 - 64, 37 , 16 , 21 
,65 - 69, 42 , 20 , 22 
,70 - 74, 21 , 11 , 10 
,75 - 79, 7 , 3 , 4 
,80 and over, 7 , -   , 7 
,   Barangay 98,,,
,   Age Group,,,
,Total," 1,487 ", 739 , 748 
,0 - 4, 62 , 39 , 23 
,5 - 9, 79 , 40 , 39 
,10 - 14, 99 , 52 , 47 
,15 - 19, 101 , 51 , 50 
,20 - 24, 180 , 79 , 101 
,25 - 29, 193 , 106 , 87 
,30 - 34, 151 , 67 , 84 
,35 - 39, 156 , 92 , 64 
,40 - 44, 83 , 34 , 49 
,45 - 49, 89 , 43 , 46 
,50 - 54, 89 , 46 , 43 
,55 - 59, 59 , 33 , 26 
,60 - 64, 40 , 17 , 23 
,65 - 69, 31 , 9 , 22 
,70 - 74, 31 , 9 , 22 
,75 - 79, 19 , 10 , 9 
,80 and over, 25 , 12 , 13 
,   Barangay 99,,,
,   Age Group,,,
,Total," 1,111 ", 581 , 530 
,0 - 4, 80 , 47 , 33 
,5 - 9, 76 , 43 , 33 
,10 - 14, 80 , 40 , 40 
,15 - 19, 82 , 47 , 35 
,20 - 24, 132 , 76 , 56 
,25 - 29, 126 , 63 , 63 
,30 - 34, 115 , 59 , 56 
,35 - 39, 98 , 51 , 47 
,40 - 44, 73 , 37 , 36 
,45 - 49, 74 , 37 , 37 
,50 - 54, 66 , 32 , 34 
,55 - 59, 39 , 27 , 12 
,60 - 64, 19 , 8 , 11 
,65 - 69, 25 , 6 , 19 
,70 - 74, 7 , 3 , 4 
,75 - 79, 9 , 3 , 6 
,80 and over, 10 , 2 , 8 
,   Barangay 100,,,
,   Age Group,,,
,Total," 1,223 ", 589 , 634 
,0 - 4, 83 , 38 , 45 
,5 - 9, 98 , 51 , 47 
,10 - 14, 99 , 45 , 54 
,15 - 19, 88 , 49 , 39 
,20 - 24, 136 , 62 , 74 
,25 - 29, 143 , 71 , 72 
,30 - 34, 124 , 59 , 65 
,35 - 39, 83 , 43 , 40 
,40 - 44, 91 , 48 , 43 
,45 - 49, 61 , 30 , 31 
,50 - 54, 59 , 26 , 33 
,55 - 59, 40 , 17 , 23 
,60 - 64, 42 , 17 , 25 
,65 - 69, 33 , 20 , 13 
,70 - 74, 19 , 6 , 13 
,75 - 79, 10 , 2 , 8 
,80 and over, 14 , 5 , 9 
,   Barangay 101,,,
,   Age Group,,,
,Total, 465 , 222 , 243 
,0 - 4, 38 , 21 , 17 
,5 - 9, 30 , 16 , 14 
,10 - 14, 40 , 18 , 22 
,15 - 19, 35 , 17 , 18 
,20 - 24, 51 , 33 , 18 
,25 - 29, 64 , 24 , 40 
,30 - 34, 47 , 18 , 29 
,35 - 39, 40 , 23 , 17 
,40 - 44, 21 , 9 , 12 
,45 - 49, 31 , 14 , 17 
,50 - 54, 23 , 11 , 12 
,55 - 59, 16 , 7 , 9 
,60 - 64, 15 , 6 , 9 
,65 - 69, 8 , 5 , 3 
,70 - 74, 4 , -   , 4 
,75 - 79, -   , -   , -   
,80 and over, 2 , -   , 2 
,   Barangay 102,,,
,   Age Group,,,
,Total, 826 , 408 , 418 
,0 - 4, 50 , 31 , 19 
,5 - 9, 66 , 34 , 32 
,10 - 14, 81 , 45 , 36 
,15 - 19, 83 , 40 , 43 
,20 - 24, 88 , 39 , 49 
,25 - 29, 79 , 32 , 47 
,30 - 34, 66 , 31 , 35 
,35 - 39, 72 , 41 , 31 
,40 - 44, 64 , 29 , 35 
,45 - 49, 45 , 22 , 23 
,50 - 54, 32 , 11 , 21 
,55 - 59, 23 , 14 , 9 
,60 - 64, 32 , 18 , 14 
,65 - 69, 21 , 8 , 13 
,70 - 74, 13 , 8 , 5 
,75 - 79, 7 , 3 , 4 
,80 and over, 4 , 2 , 2 
,   Barangay 103,,,
,   Age Group,,,
,Total, 937 , 465 , 472 
,0 - 4, 68 , 33 , 35 
,5 - 9, 72 , 38 , 34 
,10 - 14, 70 , 34 , 36 
,15 - 19, 72 , 40 , 32 
,20 - 24, 106 , 51 , 55 
,25 - 29, 93 , 46 , 47 
,30 - 34, 98 , 53 , 45 
,35 - 39, 67 , 28 , 39 
,40 - 44, 58 , 32 , 26 
,45 - 49, 62 , 35 , 27 
,50 - 54, 55 , 27 , 28 
,55 - 59, 33 , 16 , 17 
,60 - 64, 32 , 12 , 20 
,65 - 69, 14 , 7 , 7 
,70 - 74, 23 , 8 , 15 
,75 - 79, 7 , 3 , 4 
,80 and over, 7 , 2 , 5 
,   Barangay 104,,,
,   Age Group,,,
,Total," 1,127 ", 551 , 576 
,0 - 4, 92 , 42 , 50 
,5 - 9, 76 , 42 , 34 
,10 - 14, 68 , 37 , 31 
,15 - 19, 85 , 43 , 42 
,20 - 24, 129 , 57 , 72 
,25 - 29, 144 , 80 , 64 
,30 - 34, 110 , 55 , 55 
,35 - 39, 73 , 36 , 37 
,40 - 44, 64 , 34 , 30 
,45 - 49, 65 , 29 , 36 
,50 - 54, 64 , 29 , 35 
,55 - 59, 50 , 24 , 26 
,60 - 64, 36 , 15 , 21 
,65 - 69, 33 , 15 , 18 
,70 - 74, 19 , 7 , 12 
,75 - 79, 13 , 5 , 8 
,80 and over, 6 , 1 , 5 
,   Barangay 105,,,
,   Age Group,,,
,Total, 567 , 282 , 285 
,0 - 4, 61 , 33 , 28 
,5 - 9, 48 , 23 , 25 
,10 - 14, 37 , 18 , 19 
,15 - 19, 34 , 14 , 20 
,20 - 24, 59 , 29 , 30 
,25 - 29, 74 , 39 , 35 
,30 - 34, 54 , 30 , 24 
,35 - 39, 35 , 14 , 21 
,40 - 44, 37 , 28 , 9 
,45 - 49, 33 , 17 , 16 
,50 - 54, 27 , 8 , 19 
,55 - 59, 20 , 9 , 11 
,60 - 64, 25 , 13 , 12 
,65 - 69, 10 , 4 , 6 
,70 - 74, 4 , 1 , 3 
,75 - 79, 1 , 1 , -   
,80 and over, 8 , 1 , 7 
,   Barangay 106,,,
,   Age Group,,,
,Total," 1,158 ", 584 , 574 
,0 - 4, 90 , 39 , 51 
,5 - 9, 91 , 51 , 40 
,10 - 14, 92 , 48 , 44 
,15 - 19, 67 , 36 , 31 
,20 - 24, 124 , 62 , 62 
,25 - 29, 136 , 69 , 67 
,30 - 34, 125 , 75 , 50 
,35 - 39, 83 , 43 , 40 
,40 - 44, 70 , 36 , 34 
,45 - 49, 56 , 24 , 32 
,50 - 54, 57 , 33 , 24 
,55 - 59, 46 , 21 , 25 
,60 - 64, 50 , 18 , 32 
,65 - 69, 24 , 12 , 12 
,70 - 74, 29 , 11 , 18 
,75 - 79, 10 , 3 , 7 
,80 and over, 8 , 3 , 5 
,   Barangay 107,,,
,   Age Group,,,
,Total," 1,561 ", 768 , 793 
,0 - 4, 130 , 66 , 64 
,5 - 9, 130 , 68 , 62 
,10 - 14, 110 , 54 , 56 
,15 - 19, 119 , 64 , 55 
,20 - 24, 185 , 86 , 99 
,25 - 29, 250 , 121 , 129 
,30 - 34, 135 , 71 , 64 
,35 - 39, 114 , 53 , 61 
,40 - 44, 98 , 56 , 42 
,45 - 49, 53 , 24 , 29 
,50 - 54, 73 , 32 , 41 
,55 - 59, 47 , 22 , 25 
,60 - 64, 51 , 29 , 22 
,65 - 69, 26 , 14 , 12 
,70 - 74, 22 , 7 , 15 
,75 - 79, 7 , 1 , 6 
,80 and over, 11 , -   , 11 
,   Barangay 108,,,
,   Age Group,,,
,Total," 2,070 "," 1,002 "," 1,068 "
,0 - 4, 164 , 89 , 75 
,5 - 9, 153 , 70 , 83 
,10 - 14, 125 , 56 , 69 
,15 - 19, 147 , 75 , 72 
,20 - 24, 216 , 107 , 109 
,25 - 29, 258 , 131 , 127 
,30 - 34, 210 , 101 , 109 
,35 - 39, 175 , 88 , 87 
,40 - 44, 140 , 73 , 67 
,45 - 49, 123 , 57 , 66 
,50 - 54, 108 , 60 , 48 
,55 - 59, 76 , 29 , 47 
,60 - 64, 68 , 30 , 38 
,65 - 69, 46 , 18 , 28 
,70 - 74, 29 , 10 , 19 
,75 - 79, 14 , 3 , 11 
,80 and over, 18 , 5 , 13 
,   Barangay 109,,,
,   Age Group,,,
,Total," 1,122 ", 561 , 561 
,0 - 4, 101 , 58 , 43 
,5 - 9, 95 , 45 , 50 
,10 - 14, 73 , 40 , 33 
,15 - 19, 76 , 31 , 45 
,20 - 24, 134 , 70 , 64 
,25 - 29, 146 , 76 , 70 
,30 - 34, 103 , 54 , 49 
,35 - 39, 83 , 41 , 42 
,40 - 44, 46 , 20 , 26 
,45 - 49, 60 , 30 , 30 
,50 - 54, 55 , 27 , 28 
,55 - 59, 59 , 28 , 31 
,60 - 64, 45 , 21 , 24 
,65 - 69, 20 , 10 , 10 
,70 - 74, 12 , 6 , 6 
,75 - 79, 6 , 2 , 4 
,80 and over, 8 , 2 , 6 
,   Barangay 110,,,
,   Age Group,,,
,Total," 1,827 ", 951 , 876 
,0 - 4, 128 , 71 , 57 
,5 - 9, 160 , 88 , 72 
,10 - 14, 158 , 98 , 60 
,15 - 19, 162 , 86 , 76 
,20 - 24, 202 , 105 , 97 
,25 - 29, 174 , 82 , 92 
,30 - 34, 170 , 92 , 78 
,35 - 39, 105 , 55 , 50 
,40 - 44, 116 , 56 , 60 
,45 - 49, 110 , 61 , 49 
,50 - 54, 97 , 49 , 48 
,55 - 59, 97 , 51 , 46 
,60 - 64, 58 , 23 , 35 
,65 - 69, 37 , 20 , 17 
,70 - 74, 28 , 8 , 20 
,75 - 79, 11 , 3 , 8 
,80 and over, 14 , 3 , 11 
,   Barangay 111,,,
,   Age Group,,,
,Total," 1,279 ", 584 , 695 
,0 - 4, 88 , 46 , 42 
,5 - 9, 76 , 37 , 39 
,10 - 14, 91 , 43 , 48 
,15 - 19, 104 , 58 , 46 
,20 - 24, 140 , 64 , 76 
,25 - 29, 156 , 75 , 81 
,30 - 34, 135 , 55 , 80 
,35 - 39, 102 , 49 , 53 
,40 - 44, 83 , 40 , 43 
,45 - 49, 78 , 36 , 42 
,50 - 54, 72 , 30 , 42 
,55 - 59, 39 , 16 , 23 
,60 - 64, 33 , 10 , 23 
,65 - 69, 27 , 8 , 19 
,70 - 74, 26 , 8 , 18 
,75 - 79, 13 , 7 , 6 
,80 and over, 16 , 2 , 14 
,   Barangay 112,,,
,   Age Group,,,
,Total, 640 , 334 , 306 
,0 - 4, 40 , 25 , 15 
,5 - 9, 30 , 16 , 14 
,10 - 14, 39 , 20 , 19 
,15 - 19, 42 , 24 , 18 
,20 - 24, 78 , 35 , 43 
,25 - 29, 85 , 52 , 33 
,30 - 34, 67 , 33 , 34 
,35 - 39, 57 , 35 , 22 
,40 - 44, 43 , 22 , 21 
,45 - 49, 46 , 22 , 24 
,50 - 54, 31 , 15 , 16 
,55 - 59, 21 , 9 , 12 
,60 - 64, 19 , 9 , 10 
,65 - 69, 9 , 5 , 4 
,70 - 74, 11 , 5 , 6 
,75 - 79, 8 , 3 , 5 
,80 and over, 14 , 4 , 10 
,   Barangay 113,,,
,   Age Group,,,
,Total," 1,800 ", 872 , 928 
,0 - 4, 121 , 64 , 57 
,5 - 9, 135 , 68 , 67 
,10 - 14, 138 , 74 , 64 
,15 - 19, 138 , 68 , 70 
,20 - 24, 215 , 95 , 120 
,25 - 29, 195 , 91 , 104 
,30 - 34, 166 , 74 , 92 
,35 - 39, 134 , 72 , 62 
,40 - 44, 128 , 69 , 59 
,45 - 49, 101 , 49 , 52 
,50 - 54, 96 , 53 , 43 
,55 - 59, 76 , 39 , 37 
,60 - 64, 52 , 21 , 31 
,65 - 69, 40 , 15 , 25 
,70 - 74, 33 , 12 , 21 
,75 - 79, 18 , 4 , 14 
,80 and over, 14 , 4 , 10 
,   Barangay 114,,,
,   Age Group,,,
,Total," 1,050 ", 512 , 538 
,0 - 4, 92 , 57 , 35 
,5 - 9, 92 , 49 , 43 
,10 - 14, 63 , 31 , 32 
,15 - 19, 63 , 31 , 32 
,20 - 24, 80 , 41 , 39 
,25 - 29, 147 , 59 , 88 
,30 - 34, 140 , 74 , 66 
,35 - 39, 88 , 44 , 44 
,40 - 44, 48 , 22 , 26 
,45 - 49, 60 , 25 , 35 
,50 - 54, 49 , 28 , 21 
,55 - 59, 46 , 20 , 26 
,60 - 64, 30 , 14 , 16 
,65 - 69, 21 , 7 , 14 
,70 - 74, 11 , 4 , 7 
,75 - 79, 11 , 3 , 8 
,80 and over, 9 , 3 , 6 
,   Barangay 115,,,
,   Age Group,,,
,Total," 1,226 ", 617 , 609 
,0 - 4, 82 , 41 , 41 
,5 - 9, 82 , 47 , 35 
,10 - 14, 70 , 32 , 38 
,15 - 19, 82 , 41 , 41 
,20 - 24, 152 , 80 , 72 
,25 - 29, 216 , 109 , 107 
,30 - 34, 121 , 57 , 64 
,35 - 39, 98 , 53 , 45 
,40 - 44, 75 , 36 , 39 
,45 - 49, 51 , 27 , 24 
,50 - 54, 55 , 28 , 27 
,55 - 59, 56 , 24 , 32 
,60 - 64, 32 , 17 , 15 
,65 - 69, 24 , 12 , 12 
,70 - 74, 17 , 9 , 8 
,75 - 79, 8 , 4 , 4 
,80 and over, 5 , -   , 5 
,   Barangay 116,,,
,   Age Group,,,
,Total," 1,205 ", 583 , 622 
,0 - 4, 75 , 36 , 39 
,5 - 9, 78 , 39 , 39 
,10 - 14, 77 , 43 , 34 
,15 - 19, 93 , 47 , 46 
,20 - 24, 141 , 71 , 70 
,25 - 29, 173 , 83 , 90 
,30 - 34, 120 , 62 , 58 
,35 - 39, 96 , 47 , 49 
,40 - 44, 87 , 44 , 43 
,45 - 49, 60 , 25 , 35 
,50 - 54, 73 , 34 , 39 
,55 - 59, 36 , 17 , 19 
,60 - 64, 30 , 14 , 16 
,65 - 69, 25 , 8 , 17 
,70 - 74, 16 , 5 , 11 
,75 - 79, 13 , 4 , 9 
,80 and over, 12 , 4 , 8 
,   Barangay 117,,,
,   Age Group,,,
,Total, 935 , 479 , 456 
,0 - 4, 53 , 31 , 22 
,5 - 9, 69 , 38 , 31 
,10 - 14, 77 , 36 , 41 
,15 - 19, 78 , 42 , 36 
,20 - 24, 95 , 55 , 40 
,25 - 29, 93 , 49 , 44 
,30 - 34, 83 , 43 , 40 
,35 - 39, 70 , 38 , 32 
,40 - 44, 67 , 35 , 32 
,45 - 49, 54 , 25 , 29 
,50 - 54, 42 , 19 , 23 
,55 - 59, 42 , 20 , 22 
,60 - 64, 42 , 15 , 27 
,65 - 69, 25 , 15 , 10 
,70 - 74, 28 , 11 , 17 
,75 - 79, 9 , 3 , 6 
,80 and over, 8 , 4 , 4 
,   Barangay 118,,,
,   Age Group,,,
,Total," 1,634 ", 807 , 827 
,0 - 4, 129 , 68 , 61 
,5 - 9, 124 , 64 , 60 
,10 - 14, 119 , 59 , 60 
,15 - 19, 82 , 36 , 46 
,20 - 24, 195 , 90 , 105 
,25 - 29, 223 , 110 , 113 
,30 - 34, 192 , 103 , 89 
,35 - 39, 142 , 74 , 68 
,40 - 44, 106 , 55 , 51 
,45 - 49, 68 , 30 , 38 
,50 - 54, 81 , 47 , 34 
,55 - 59, 58 , 23 , 35 
,60 - 64, 36 , 13 , 23 
,65 - 69, 32 , 12 , 20 
,70 - 74, 27 , 14 , 13 
,75 - 79, 12 , 7 , 5 
,80 and over, 8 , 2 , 6 
,   Barangay 119,,,
,   Age Group,,,
,Total," 1,594 ", 803 , 791 
,0 - 4, 114 , 55 , 59 
,5 - 9, 112 , 56 , 56 
,10 - 14, 115 , 65 , 50 
,15 - 19, 109 , 61 , 48 
,20 - 24, 184 , 87 , 97 
,25 - 29, 244 , 126 , 118 
,30 - 34, 191 , 98 , 93 
,35 - 39, 127 , 66 , 61 
,40 - 44, 102 , 52 , 50 
,45 - 49, 90 , 48 , 42 
,50 - 54, 54 , 24 , 30 
,55 - 59, 55 , 24 , 31 
,60 - 64, 32 , 19 , 13 
,65 - 69, 20 , 7 , 13 
,70 - 74, 19 , 7 , 12 
,75 - 79, 13 , 4 , 9 
,80 and over, 13 , 4 , 9 
,   Barangay 120,,,
,   Age Group,,,
,Total, 332 , 156 , 176 
,0 - 4, 11 , 7 , 4 
,5 - 9, 9 , 6 , 3 
,10 - 14, 18 , 12 , 6 
,15 - 19, 30 , 13 , 17 
,20 - 24, 30 , 14 , 16 
,25 - 29, 17 , 10 , 7 
,30 - 34, 26 , 16 , 10 
,35 - 39, 23 , 6 , 17 
,40 - 44, 48 , 14 , 34 
,45 - 49, 30 , 16 , 14 
,50 - 54, 14 , 5 , 9 
,55 - 59, 23 , 11 , 12 
,60 - 64, 17 , 9 , 8 
,65 - 69, 22 , 9 , 13 
,70 - 74, 8 , 6 , 2 
,75 - 79, 4 , 1 , 3 
,80 and over, 2 , 1 , 1 
,   Barangay 121,,,
,   Age Group,,,
,Total," 1,007 ", 505 , 502 
,0 - 4, 69 , 37 , 32 
,5 - 9, 74 , 41 , 33 
,10 - 14, 79 , 34 , 45 
,15 - 19, 84 , 52 , 32 
,20 - 24, 117 , 61 , 56 
,25 - 29, 93 , 51 , 42 
,30 - 34, 83 , 29 , 54 
,35 - 39, 71 , 43 , 28 
,40 - 44, 65 , 33 , 32 
,45 - 49, 85 , 42 , 43 
,50 - 54, 45 , 20 , 25 
,55 - 59, 44 , 22 , 22 
,60 - 64, 40 , 18 , 22 
,65 - 69, 25 , 11 , 14 
,70 - 74, 17 , 7 , 10 
,75 - 79, 8 , 1 , 7 
,80 and over, 8 , 3 , 5 
,   Barangay 122,,,
,   Age Group,,,
,Total," 1,184 ", 585 , 599 
,0 - 4, 73 , 50 , 23 
,5 - 9, 75 , 41 , 34 
,10 - 14, 93 , 44 , 49 
,15 - 19, 97 , 58 , 39 
,20 - 24, 137 , 73 , 64 
,25 - 29, 131 , 55 , 76 
,30 - 34, 106 , 56 , 50 
,35 - 39, 76 , 46 , 30 
,40 - 44, 69 , 26 , 43 
,45 - 49, 68 , 31 , 37 
,50 - 54, 84 , 30 , 54 
,55 - 59, 66 , 34 , 32 
,60 - 64, 47 , 18 , 29 
,65 - 69, 25 , 13 , 12 
,70 - 74, 16 , 4 , 12 
,75 - 79, 6 , 1 , 5 
,80 and over, 15 , 5 , 10 
,   Barangay 123,,,
,   Age Group,,,
,Total," 1,284 ", 628 , 656 
,0 - 4, 89 , 42 , 47 
,5 - 9, 120 , 54 , 66 
,10 - 14, 123 , 61 , 62 
,15 - 19, 102 , 55 , 47 
,20 - 24, 121 , 60 , 61 
,25 - 29, 123 , 57 , 66 
,30 - 34, 116 , 59 , 57 
,35 - 39, 92 , 39 , 53 
,40 - 44, 65 , 37 , 28 
,45 - 49, 98 , 56 , 42 
,50 - 54, 54 , 25 , 29 
,55 - 59, 58 , 32 , 26 
,60 - 64, 51 , 21 , 30 
,65 - 69, 45 , 21 , 24 
,70 - 74, 11 , 5 , 6 
,75 - 79, 6 , 1 , 5 
,80 and over, 10 , 3 , 7 
,   Barangay 124,,,
,   Age Group,,,
,Total," 1,666 ", 818 , 848 
,0 - 4, 141 , 81 , 60 
,5 - 9, 126 , 67 , 59 
,10 - 14, 145 , 75 , 70 
,15 - 19, 130 , 59 , 71 
,20 - 24, 194 , 97 , 97 
,25 - 29, 167 , 84 , 83 
,30 - 34, 134 , 62 , 72 
,35 - 39, 141 , 67 , 74 
,40 - 44, 81 , 41 , 40 
,45 - 49, 90 , 43 , 47 
,50 - 54, 98 , 51 , 47 
,55 - 59, 77 , 35 , 42 
,60 - 64, 52 , 25 , 27 
,65 - 69, 38 , 17 , 21 
,70 - 74, 27 , 10 , 17 
,75 - 79, 9 , -   , 9 
,80 and over, 16 , 4 , 12 
,   Barangay 125,,,
,   Age Group,,,
,Total," 1,508 ", 744 , 764 
,0 - 4, 100 , 50 , 50 
,5 - 9, 122 , 63 , 59 
,10 - 14, 107 , 64 , 43 
,15 - 19, 131 , 58 , 73 
,20 - 24, 173 , 81 , 92 
,25 - 29, 163 , 83 , 80 
,30 - 34, 156 , 89 , 67 
,35 - 39, 106 , 54 , 52 
,40 - 44, 105 , 51 , 54 
,45 - 49, 73 , 34 , 39 
,50 - 54, 73 , 36 , 37 
,55 - 59, 60 , 27 , 33 
,60 - 64, 57 , 23 , 34 
,65 - 69, 39 , 16 , 23 
,70 - 74, 21 , 10 , 11 
,75 - 79, 4 , 1 , 3 
,80 and over, 18 , 4 , 14 
,   Barangay 126,,,
,   Age Group,,,
,Total, 725 , 334 , 391 
,0 - 4, 51 , 27 , 24 
,5 - 9, 52 , 19 , 33 
,10 - 14, 61 , 30 , 31 
,15 - 19, 59 , 28 , 31 
,20 - 24, 77 , 31 , 46 
,25 - 29, 88 , 41 , 47 
,30 - 34, 62 , 36 , 26 
,35 - 39, 49 , 21 , 28 
,40 - 44, 53 , 28 , 25 
,45 - 49, 37 , 18 , 19 
,50 - 54, 45 , 21 , 24 
,55 - 59, 29 , 15 , 14 
,60 - 64, 20 , 7 , 13 
,65 - 69, 16 , 4 , 12 
,70 - 74, 8 , 4 , 4 
,75 - 79, 10 , 3 , 7 
,80 and over, 8 , 1 , 7 
,   Barangay 127,,,
,   Age Group,,,
,Total," 1,799 ", 905 , 894 
,0 - 4, 141 , 75 , 66 
,5 - 9, 150 , 75 , 75 
,10 - 14, 158 , 81 , 77 
,15 - 19, 198 , 106 , 92 
,20 - 24, 181 , 90 , 91 
,25 - 29, 182 , 94 , 88 
,30 - 34, 124 , 60 , 64 
,35 - 39, 135 , 70 , 65 
,40 - 44, 115 , 64 , 51 
,45 - 49, 94 , 55 , 39 
,50 - 54, 101 , 47 , 54 
,55 - 59, 73 , 36 , 37 
,60 - 64, 55 , 21 , 34 
,65 - 69, 39 , 18 , 21 
,70 - 74, 28 , 8 , 20 
,75 - 79, 16 , 4 , 12 
,80 and over, 9 , 1 , 8 
,   Barangay 128,,,
,   Age Group,,,
,Total," 1,623 ", 795 , 828 
,0 - 4, 100 , 41 , 59 
,5 - 9, 110 , 55 , 55 
,10 - 14, 107 , 51 , 56 
,15 - 19, 112 , 57 , 55 
,20 - 24, 220 , 107 , 113 
,25 - 29, 231 , 122 , 109 
,30 - 34, 142 , 72 , 70 
,35 - 39, 137 , 57 , 80 
,40 - 44, 121 , 61 , 60 
,45 - 49, 83 , 43 , 40 
,50 - 54, 79 , 42 , 37 
,55 - 59, 60 , 28 , 32 
,60 - 64, 53 , 24 , 29 
,65 - 69, 28 , 18 , 10 
,70 - 74, 21 , 9 , 12 
,75 - 79, 7 , 2 , 5 
,80 and over, 12 , 6 , 6 
,   Barangay 129,,,
,   Age Group,,,
,Total," 1,209 ", 621 , 588 
,0 - 4, 81 , 45 , 36 
,5 - 9, 88 , 49 , 39 
,10 - 14, 80 , 39 , 41 
,15 - 19, 105 , 55 , 50 
,20 - 24, 169 , 92 , 77 
,25 - 29, 133 , 68 , 65 
,30 - 34, 115 , 67 , 48 
,35 - 39, 86 , 45 , 41 
,40 - 44, 88 , 41 , 47 
,45 - 49, 79 , 38 , 41 
,50 - 54, 55 , 31 , 24 
,55 - 59, 44 , 19 , 25 
,60 - 64, 33 , 10 , 23 
,65 - 69, 19 , 9 , 10 
,70 - 74, 17 , 6 , 11 
,75 - 79, 11 , 4 , 7 
,80 and over, 6 , 3 , 3 
,   Barangay 130,,,
,   Age Group,,,
,Total," 4,042 "," 2,039 "," 2,003 "
,0 - 4, 359 , 165 , 194 
,5 - 9, 368 , 187 , 181 
,10 - 14, 384 , 209 , 175 
,15 - 19, 374 , 195 , 179 
,20 - 24, 432 , 218 , 214 
,25 - 29, 426 , 224 , 202 
,30 - 34, 366 , 188 , 178 
,35 - 39, 318 , 158 , 160 
,40 - 44, 264 , 138 , 126 
,45 - 49, 200 , 119 , 81 
,50 - 54, 156 , 63 , 93 
,55 - 59, 130 , 60 , 70 
,60 - 64, 114 , 62 , 52 
,65 - 69, 71 , 28 , 43 
,70 - 74, 39 , 18 , 21 
,75 - 79, 20 , 6 , 14 
,80 and over, 21 , 1 , 20 
,   Barangay 131,,,
,   Age Group,,,
,Total," 1,427 ", 734 , 693 
,0 - 4, 107 , 57 , 50 
,5 - 9, 117 , 67 , 50 
,10 - 14, 89 , 42 , 47 
,15 - 19, 99 , 58 , 41 
,20 - 24, 148 , 65 , 83 
,25 - 29, 184 , 109 , 75 
,30 - 34, 116 , 61 , 55 
,35 - 39, 114 , 56 , 58 
,40 - 44, 119 , 66 , 53 
,45 - 49, 67 , 28 , 39 
,50 - 54, 76 , 36 , 40 
,55 - 59, 67 , 36 , 31 
,60 - 64, 47 , 21 , 26 
,65 - 69, 32 , 14 , 18 
,70 - 74, 17 , 7 , 10 
,75 - 79, 12 , 7 , 5 
,80 and over, 16 , 4 , 12 
,   Barangay 132,,,
,   Age Group,,,
,Total," 5,088 "," 2,701 "," 2,387 "
,0 - 4, 366 , 193 , 173 
,5 - 9, 348 , 210 , 138 
,10 - 14, 337 , 178 , 159 
,15 - 19, 407 , 192 , 215 
,20 - 24, 756 , 426 , 330 
,25 - 29, 636 , 345 , 291 
,30 - 34, 517 , 284 , 233 
,35 - 39, 387 , 218 , 169 
,40 - 44, 368 , 176 , 192 
,45 - 49, 249 , 138 , 111 
,50 - 54, 179 , 90 , 89 
,55 - 59, 174 , 69 , 105 
,60 - 64, 126 , 61 , 65 
,65 - 69, 101 , 62 , 39 
,70 - 74, 82 , 43 , 39 
,75 - 79, 34 , 16 , 18 
,80 and over, 21 , -   , 21 
,   Barangay 133,,,
,   Age Group,,,
,Total," 2,221 "," 1,124 "," 1,097 "
,0 - 4, 165 , 91 , 74 
,5 - 9, 171 , 86 , 85 
,10 - 14, 180 , 92 , 88 
,15 - 19, 178 , 97 , 81 
,20 - 24, 258 , 134 , 124 
,25 - 29, 239 , 115 , 124 
,30 - 34, 193 , 105 , 88 
,35 - 39, 176 , 85 , 91 
,40 - 44, 164 , 76 , 88 
,45 - 49, 117 , 57 , 60 
,50 - 54, 98 , 54 , 44 
,55 - 59, 87 , 45 , 42 
,60 - 64, 82 , 43 , 39 
,65 - 69, 48 , 19 , 29 
,70 - 74, 34 , 17 , 17 
,75 - 79, 12 , 2 , 10 
,80 and over, 19 , 6 , 13 
,   Barangay 134,,,
,   Age Group,,,
,Total," 1,686 ", 864 , 822 
,0 - 4, 140 , 77 , 63 
,5 - 9, 162 , 92 , 70 
,10 - 14, 137 , 71 , 66 
,15 - 19, 170 , 80 , 90 
,20 - 24, 182 , 95 , 87 
,25 - 29, 198 , 118 , 80 
,30 - 34, 135 , 58 , 77 
,35 - 39, 109 , 55 , 54 
,40 - 44, 90 , 48 , 42 
,45 - 49, 87 , 41 , 46 
,50 - 54, 70 , 36 , 34 
,55 - 59, 71 , 36 , 35 
,60 - 64, 48 , 19 , 29 
,65 - 69, 39 , 14 , 25 
,70 - 74, 25 , 16 , 9 
,75 - 79, 14 , 3 , 11 
,80 and over, 9 , 5 , 4 
,   Barangay 135,,,
,   Age Group,,,
,Total," 2,736 "," 1,413 "," 1,323 "
,0 - 4, 184 , 96 , 88 
,5 - 9, 216 , 117 , 99 
,10 - 14, 229 , 110 , 119 
,15 - 19, 201 , 103 , 98 
,20 - 24, 314 , 165 , 149 
,25 - 29, 286 , 158 , 128 
,30 - 34, 354 , 198 , 156 
,35 - 39, 208 , 102 , 106 
,40 - 44, 184 , 108 , 76 
,45 - 49, 160 , 73 , 87 
,50 - 54, 118 , 56 , 62 
,55 - 59, 80 , 46 , 34 
,60 - 64, 83 , 33 , 50 
,65 - 69, 48 , 22 , 26 
,70 - 74, 36 , 15 , 21 
,75 - 79, 14 , 8 , 6 
,80 and over, 21 , 3 , 18 
,   Barangay 136,,,
,   Age Group,,,
,Total," 2,115 "," 1,017 "," 1,098 "
,0 - 4, 154 , 89 , 65 
,5 - 9, 161 , 92 , 69 
,10 - 14, 154 , 63 , 91 
,15 - 19, 172 , 78 , 94 
,20 - 24, 263 , 125 , 138 
,25 - 29, 229 , 115 , 114 
,30 - 34, 193 , 93 , 100 
,35 - 39, 168 , 89 , 79 
,40 - 44, 166 , 69 , 97 
,45 - 49, 112 , 65 , 47 
,50 - 54, 111 , 52 , 59 
,55 - 59, 69 , 35 , 34 
,60 - 64, 58 , 25 , 33 
,65 - 69, 54 , 13 , 41 
,70 - 74, 20 , 6 , 14 
,75 - 79, 15 , 3 , 12 
,80 and over, 16 , 5 , 11 
,   Barangay 137,,,
,   Age Group,,,
,Total," 2,994 "," 1,492 "," 1,502 "
,0 - 4, 264 , 140 , 124 
,5 - 9, 273 , 145 , 128 
,10 - 14, 245 , 107 , 138 
,15 - 19, 286 , 152 , 134 
,20 - 24, 331 , 172 , 159 
,25 - 29, 299 , 160 , 139 
,30 - 34, 234 , 108 , 126 
,35 - 39, 220 , 111 , 109 
,40 - 44, 222 , 112 , 110 
,45 - 49, 185 , 94 , 91 
,50 - 54, 123 , 61 , 62 
,55 - 59, 107 , 47 , 60 
,60 - 64, 82 , 37 , 45 
,65 - 69, 43 , 17 , 26 
,70 - 74, 39 , 17 , 22 
,75 - 79, 24 , 7 , 17 
,80 and over, 17 , 5 , 12 
,   Barangay 138,,,
,   Age Group,,,
,Total," 1,031 ", 528 , 503 
,0 - 4, 72 , 39 , 33 
,5 - 9, 80 , 42 , 38 
,10 - 14, 83 , 48 , 35 
,15 - 19, 81 , 45 , 36 
,20 - 24, 114 , 63 , 51 
,25 - 29, 117 , 57 , 60 
,30 - 34, 111 , 52 , 59 
,35 - 39, 78 , 43 , 35 
,40 - 44, 52 , 28 , 24 
,45 - 49, 62 , 30 , 32 
,50 - 54, 49 , 25 , 24 
,55 - 59, 43 , 18 , 25 
,60 - 64, 33 , 16 , 17 
,65 - 69, 30 , 16 , 14 
,70 - 74, 13 , 5 , 8 
,75 - 79, 8 , -   , 8 
,80 and over, 5 , 1 , 4 
,   Barangay 139,,,
,   Age Group,,,
,Total," 1,065 ", 577 , 488 
,0 - 4, 71 , 37 , 34 
,5 - 9, 101 , 62 , 39 
,10 - 14, 78 , 49 , 29 
,15 - 19, 75 , 45 , 30 
,20 - 24, 91 , 55 , 36 
,25 - 29, 128 , 62 , 66 
,30 - 34, 179 , 99 , 80 
,35 - 39, 90 , 43 , 47 
,40 - 44, 50 , 27 , 23 
,45 - 49, 43 , 20 , 23 
,50 - 54, 40 , 26 , 14 
,55 - 59, 42 , 18 , 24 
,60 - 64, 30 , 12 , 18 
,65 - 69, 21 , 12 , 9 
,70 - 74, 10 , 5 , 5 
,75 - 79, 9 , 2 , 7 
,80 and over, 7 , 3 , 4 
,   Barangay 140,,,
,   Age Group,,,
,Total, 590 , 289 , 301 
,0 - 4, 29 , 14 , 15 
,5 - 9, 38 , 19 , 19 
,10 - 14, 30 , 13 , 17 
,15 - 19, 36 , 16 , 20 
,20 - 24, 51 , 27 , 24 
,25 - 29, 64 , 33 , 31 
,30 - 34, 61 , 30 , 31 
,35 - 39, 55 , 34 , 21 
,40 - 44, 56 , 28 , 28 
,45 - 49, 35 , 20 , 15 
,50 - 54, 34 , 17 , 17 
,55 - 59, 27 , 9 , 18 
,60 - 64, 31 , 12 , 19 
,65 - 69, 17 , 9 , 8 
,70 - 74, 15 , 7 , 8 
,75 - 79, 6 , 1 , 5 
,80 and over, 5 , -   , 5 
,   Barangay 141,,,
,   Age Group,,,
,Total, 392 , 187 , 205 
,0 - 4, 23 , 7 , 16 
,5 - 9, 25 , 14 , 11 
,10 - 14, 26 , 12 , 14 
,15 - 19, 32 , 16 , 16 
,20 - 24, 37 , 19 , 18 
,25 - 29, 46 , 30 , 16 
,30 - 34, 40 , 18 , 22 
,35 - 39, 33 , 14 , 19 
,40 - 44, 26 , 12 , 14 
,45 - 49, 24 , 12 , 12 
,50 - 54, 19 , 7 , 12 
,55 - 59, 20 , 10 , 10 
,60 - 64, 21 , 9 , 12 
,65 - 69, 5 , 4 , 1 
,70 - 74, 7 , 2 , 5 
,75 - 79, 3 , -   , 3 
,80 and over, 5 , 1 , 4 
,   Barangay 142,,,
,   Age Group,,,
,Total, 318 , 158 , 160 
,0 - 4, 14 , 7 , 7 
,5 - 9, 25 , 13 , 12 
,10 - 14, 27 , 16 , 11 
,15 - 19, 31 , 15 , 16 
,20 - 24, 29 , 16 , 13 
,25 - 29, 23 , 13 , 10 
,30 - 34, 37 , 18 , 19 
,35 - 39, 11 , 7 , 4 
,40 - 44, 19 , 9 , 10 
,45 - 49, 22 , 9 , 13 
,50 - 54, 30 , 17 , 13 
,55 - 59, 12 , 6 , 6 
,60 - 64, 9 , 3 , 6 
,65 - 69, 7 , 2 , 5 
,70 - 74, 9 , 6 , 3 
,75 - 79, 6 , 1 , 5 
,80 and over, 7 , -   , 7 
,   Barangay 143,,,
,   Age Group,,,
,Total," 1,347 ", 682 , 665 
,0 - 4, 100 , 43 , 57 
,5 - 9, 118 , 64 , 54 
,10 - 14, 108 , 55 , 53 
,15 - 19, 112 , 57 , 55 
,20 - 24, 131 , 65 , 66 
,25 - 29, 183 , 101 , 82 
,30 - 34, 143 , 80 , 63 
,35 - 39, 110 , 58 , 52 
,40 - 44, 89 , 46 , 43 
,45 - 49, 75 , 32 , 43 
,50 - 54, 43 , 17 , 26 
,55 - 59, 51 , 28 , 23 
,60 - 64, 34 , 15 , 19 
,65 - 69, 31 , 11 , 20 
,70 - 74, 12 , 7 , 5 
,75 - 79, 3 , 1 , 2 
,80 and over, 4 , 2 , 2 
,   Barangay 144,,,
,   Age Group,,,
,Total," 2,212 "," 1,143 "," 1,069 "
,0 - 4, 203 , 115 , 88 
,5 - 9, 214 , 107 , 107 
,10 - 14, 193 , 96 , 97 
,15 - 19, 205 , 94 , 111 
,20 - 24, 231 , 119 , 112 
,25 - 29, 251 , 122 , 129 
,30 - 34, 176 , 94 , 82 
,35 - 39, 168 , 102 , 66 
,40 - 44, 139 , 78 , 61 
,45 - 49, 127 , 65 , 62 
,50 - 54, 114 , 53 , 61 
,55 - 59, 80 , 53 , 27 
,60 - 64, 49 , 20 , 29 
,65 - 69, 30 , 12 , 18 
,70 - 74, 15 , 7 , 8 
,75 - 79, 7 , 2 , 5 
,80 and over, 10 , 4 , 6 
,   Barangay 145,,,
,   Age Group,,,
,Total," 8,744 "," 4,375 "," 4,369 "
,0 - 4, 808 , 438 , 370 
,5 - 9, 785 , 397 , 388 
,10 - 14, 757 , 377 , 380 
,15 - 19, 706 , 365 , 341 
,20 - 24, 971 , 481 , 490 
,25 - 29, 991 , 489 , 502 
,30 - 34, 855 , 449 , 406 
,35 - 39, 686 , 348 , 338 
,40 - 44, 576 , 295 , 281 
,45 - 49, 434 , 209 , 225 
,50 - 54, 354 , 184 , 170 
,55 - 59, 244 , 124 , 120 
,60 - 64, 211 , 91 , 120 
,65 - 69, 170 , 60 , 110 
,70 - 74, 97 , 38 , 59 
,75 - 79, 65 , 23 , 42 
,80 and over, 34 , 7 , 27 
,   Barangay 146,,,
,   Age Group,,,
,Total, 972 , 473 , 499 
,0 - 4, 86 , 44 , 42 
,5 - 9, 100 , 52 , 48 
,10 - 14, 104 , 51 , 53 
,15 - 19, 83 , 50 , 33 
,20 - 24, 95 , 42 , 53 
,25 - 29, 90 , 41 , 49 
,30 - 34, 95 , 47 , 48 
,35 - 39, 89 , 45 , 44 
,40 - 44, 52 , 26 , 26 
,45 - 49, 57 , 30 , 27 
,50 - 54, 38 , 16 , 22 
,55 - 59, 30 , 12 , 18 
,60 - 64, 17 , 9 , 8 
,65 - 69, 14 , 3 , 11 
,70 - 74, 9 , 3 , 6 
,75 - 79, 4 , 1 , 3 
,80 and over, 9 , 1 , 8 
,   Barangay 147,,,
,   Age Group,,,
,Total," 1,417 ", 677 , 740 
,0 - 4, 78 , 44 , 34 
,5 - 9, 108 , 55 , 53 
,10 - 14, 105 , 60 , 45 
,15 - 19, 92 , 37 , 55 
,20 - 24, 167 , 64 , 103 
,25 - 29, 165 , 91 , 74 
,30 - 34, 154 , 75 , 79 
,35 - 39, 125 , 53 , 72 
,40 - 44, 105 , 45 , 60 
,45 - 49, 86 , 50 , 36 
,50 - 54, 58 , 28 , 30 
,55 - 59, 64 , 28 , 36 
,60 - 64, 38 , 15 , 23 
,65 - 69, 27 , 10 , 17 
,70 - 74, 20 , 11 , 9 
,75 - 79, 11 , 6 , 5 
,80 and over, 14 , 5 , 9 
,   Barangay 148,,,
,   Age Group,,,
,Total," 3,150 "," 1,539 "," 1,611 "
,0 - 4, 251 , 128 , 123 
,5 - 9, 284 , 132 , 152 
,10 - 14, 256 , 128 , 128 
,15 - 19, 265 , 119 , 146 
,20 - 24, 424 , 214 , 210 
,25 - 29, 397 , 191 , 206 
,30 - 34, 277 , 138 , 139 
,35 - 39, 248 , 127 , 121 
,40 - 44, 192 , 89 , 103 
,45 - 49, 153 , 78 , 75 
,50 - 54, 127 , 66 , 61 
,55 - 59, 96 , 47 , 49 
,60 - 64, 64 , 29 , 35 
,65 - 69, 51 , 21 , 30 
,70 - 74, 40 , 21 , 19 
,75 - 79, 15 , 8 , 7 
,80 and over, 10 , 3 , 7 
,   Barangay 149,,,
,   Age Group,,,
,Total, 733 , 330 , 403 
,0 - 4, 72 , 43 , 29 
,5 - 9, 72 , 26 , 46 
,10 - 14, 41 , 20 , 21 
,15 - 19, 32 , 13 , 19 
,20 - 24, 60 , 29 , 31 
,25 - 29, 145 , 52 , 93 
,30 - 34, 123 , 66 , 57 
,35 - 39, 48 , 24 , 24 
,40 - 44, 45 , 15 , 30 
,45 - 49, 29 , 11 , 18 
,50 - 54, 19 , 10 , 9 
,55 - 59, 19 , 6 , 13 
,60 - 64, 12 , 7 , 5 
,65 - 69, 8 , 3 , 5 
,70 - 74, 4 , 4 , -   
,75 - 79, 1 , -   , 1 
,80 and over, 3 , 1 , 2 
,   Barangay 150,,,
,   Age Group,,,
,Total, 662 , 322 , 340 
,0 - 4, 54 , 33 , 21 
,5 - 9, 41 , 22 , 19 
,10 - 14, 44 , 20 , 24 
,15 - 19, 54 , 19 , 35 
,20 - 24, 75 , 37 , 38 
,25 - 29, 94 , 47 , 47 
,30 - 34, 77 , 36 , 41 
,35 - 39, 50 , 30 , 20 
,40 - 44, 40 , 18 , 22 
,45 - 49, 31 , 17 , 14 
,50 - 54, 30 , 11 , 19 
,55 - 59, 25 , 13 , 12 
,60 - 64, 20 , 8 , 12 
,65 - 69, 17 , 8 , 9 
,70 - 74, 6 , 1 , 5 
,75 - 79, 2 , 1 , 1 
,80 and over, 2 , 1 , 1 
,   Barangay 151,,,
,   Age Group,,,
,Total," 1,175 ", 602 , 573 
,0 - 4, 112 , 58 , 54 
,5 - 9, 109 , 57 , 52 
,10 - 14, 114 , 62 , 52 
,15 - 19, 77 , 38 , 39 
,20 - 24, 153 , 87 , 66 
,25 - 29, 135 , 70 , 65 
,30 - 34, 120 , 65 , 55 
,35 - 39, 98 , 50 , 48 
,40 - 44, 76 , 37 , 39 
,45 - 49, 57 , 19 , 38 
,50 - 54, 54 , 30 , 24 
,55 - 59, 21 , 7 , 14 
,60 - 64, 22 , 12 , 10 
,65 - 69, 11 , 5 , 6 
,70 - 74, 6 , 2 , 4 
,75 - 79, 6 , 1 , 5 
,80 and over, 4 , 2 , 2 
,   Barangay 152,,,
,   Age Group,,,
,Total," 1,219 ", 613 , 606 
,0 - 4, 111 , 52 , 59 
,5 - 9, 127 , 57 , 70 
,10 - 14, 125 , 61 , 64 
,15 - 19, 115 , 54 , 61 
,20 - 24, 151 , 80 , 71 
,25 - 29, 144 , 82 , 62 
,30 - 34, 122 , 67 , 55 
,35 - 39, 83 , 48 , 35 
,40 - 44, 64 , 28 , 36 
,45 - 49, 64 , 33 , 31 
,50 - 54, 39 , 18 , 21 
,55 - 59, 39 , 21 , 18 
,60 - 64, 17 , 6 , 11 
,65 - 69, 10 , 2 , 8 
,70 - 74, 4 , 3 , 1 
,75 - 79, 1 , -   , 1 
,80 and over, 3 , 1 , 2 
,   Barangay 153,,,
,   Age Group,,,
,Total," 1,358 ", 656 , 702 
,0 - 4, 108 , 51 , 57 
,5 - 9, 105 , 56 , 49 
,10 - 14, 125 , 75 , 50 
,15 - 19, 113 , 54 , 59 
,20 - 24, 149 , 63 , 86 
,25 - 29, 144 , 71 , 73 
,30 - 34, 117 , 52 , 65 
,35 - 39, 120 , 67 , 53 
,40 - 44, 97 , 39 , 58 
,45 - 49, 73 , 37 , 36 
,50 - 54, 62 , 27 , 35 
,55 - 59, 47 , 22 , 25 
,60 - 64, 32 , 16 , 16 
,65 - 69, 25 , 9 , 16 
,70 - 74, 20 , 7 , 13 
,75 - 79, 5 , 3 , 2 
,80 and over, 16 , 7 , 9 
,   Barangay 154,,,
,   Age Group,,,
,Total, 743 , 361 , 382 
,0 - 4, 57 , 31 , 26 
,5 - 9, 43 , 24 , 19 
,10 - 14, 70 , 41 , 29 
,15 - 19, 53 , 20 , 33 
,20 - 24, 93 , 45 , 48 
,25 - 29, 88 , 45 , 43 
,30 - 34, 64 , 31 , 33 
,35 - 39, 60 , 20 , 40 
,40 - 44, 55 , 29 , 26 
,45 - 49, 48 , 25 , 23 
,50 - 54, 36 , 17 , 19 
,55 - 59, 17 , 9 , 8 
,60 - 64, 23 , 13 , 10 
,65 - 69, 9 , 4 , 5 
,70 - 74, 14 , 3 , 11 
,75 - 79, 5 , 1 , 4 
,80 and over, 8 , 3 , 5 
,   Barangay 155,,,
,   Age Group,,,
,Total, 916 , 488 , 428 
,0 - 4, 77 , 33 , 44 
,5 - 9, 56 , 34 , 22 
,10 - 14, 80 , 36 , 44 
,15 - 19, 55 , 30 , 25 
,20 - 24, 102 , 56 , 46 
,25 - 29, 130 , 85 , 45 
,30 - 34, 102 , 52 , 50 
,35 - 39, 69 , 42 , 27 
,40 - 44, 62 , 30 , 32 
,45 - 49, 49 , 26 , 23 
,50 - 54, 38 , 22 , 16 
,55 - 59, 34 , 16 , 18 
,60 - 64, 28 , 8 , 20 
,65 - 69, 16 , 9 , 7 
,70 - 74, 10 , 6 , 4 
,75 - 79, 5 , 3 , 2 
,80 and over, 3 , -   , 3 
,   Barangay 156,,,
,   Age Group,,,
,Total," 3,540 "," 1,805 "," 1,735 "
,0 - 4, 327 , 184 , 143 
,5 - 9, 341 , 174 , 167 
,10 - 14, 347 , 171 , 176 
,15 - 19, 330 , 166 , 164 
,20 - 24, 377 , 189 , 188 
,25 - 29, 339 , 183 , 156 
,30 - 34, 287 , 142 , 145 
,35 - 39, 262 , 144 , 118 
,40 - 44, 225 , 118 , 107 
,45 - 49, 186 , 94 , 92 
,50 - 54, 170 , 84 , 86 
,55 - 59, 115 , 59 , 56 
,60 - 64, 85 , 41 , 44 
,65 - 69, 63 , 28 , 35 
,70 - 74, 36 , 12 , 24 
,75 - 79, 28 , 12 , 16 
,80 and over, 22 , 4 , 18 
,   Barangay 157,,,
,   Age Group,,,
,Total," 2,242 "," 1,139 "," 1,103 "
,0 - 4, 211 , 96 , 115 
,5 - 9, 245 , 136 , 109 
,10 - 14, 217 , 106 , 111 
,15 - 19, 203 , 100 , 103 
,20 - 24, 220 , 110 , 110 
,25 - 29, 231 , 118 , 113 
,30 - 34, 213 , 116 , 97 
,35 - 39, 168 , 85 , 83 
,40 - 44, 141 , 77 , 64 
,45 - 49, 95 , 49 , 46 
,50 - 54, 92 , 42 , 50 
,55 - 59, 96 , 50 , 46 
,60 - 64, 51 , 31 , 20 
,65 - 69, 26 , 8 , 18 
,70 - 74, 16 , 8 , 8 
,75 - 79, 9 , 4 , 5 
,80 and over, 8 , 3 , 5 
,   Barangay 158,,,
,   Age Group,,,
,Total, 961 , 503 , 458 
,0 - 4, 64 , 31 , 33 
,5 - 9, 84 , 40 , 44 
,10 - 14, 67 , 40 , 27 
,15 - 19, 66 , 31 , 35 
,20 - 24, 121 , 71 , 50 
,25 - 29, 165 , 89 , 76 
,30 - 34, 111 , 67 , 44 
,35 - 39, 74 , 34 , 40 
,40 - 44, 37 , 22 , 15 
,45 - 49, 53 , 22 , 31 
,50 - 54, 37 , 19 , 18 
,55 - 59, 39 , 19 , 20 
,60 - 64, 27 , 12 , 15 
,65 - 69, 7 , 3 , 4 
,70 - 74, 1 , 1 , -   
,75 - 79, 1 , -   , 1 
,80 and over, 7 , 2 , 5 
,   Barangay 159,,,
,   Age Group,,,
,Total," 1,191 ", 549 , 642 
,0 - 4, 82 , 44 , 38 
,5 - 9, 65 , 37 , 28 
,10 - 14, 58 , 26 , 32 
,15 - 19, 57 , 38 , 19 
,20 - 24, 146 , 62 , 84 
,25 - 29, 154 , 59 , 95 
,30 - 34, 158 , 73 , 85 
,35 - 39, 91 , 50 , 41 
,40 - 44, 88 , 39 , 49 
,45 - 49, 69 , 35 , 34 
,50 - 54, 56 , 21 , 35 
,55 - 59, 61 , 22 , 39 
,60 - 64, 33 , 14 , 19 
,65 - 69, 29 , 10 , 19 
,70 - 74, 24 , 12 , 12 
,75 - 79, 15 , 6 , 9 
,80 and over, 5 , 1 , 4 
,   Barangay 160,,,
,   Age Group,,,
,Total," 1,245 ", 580 , 665 
,0 - 4, 58 , 26 , 32 
,5 - 9, 79 , 32 , 47 
,10 - 14, 89 , 38 , 51 
,15 - 19, 98 , 44 , 54 
,20 - 24, 160 , 79 , 81 
,25 - 29, 124 , 53 , 71 
,30 - 34, 148 , 74 , 74 
,35 - 39, 110 , 56 , 54 
,40 - 44, 103 , 60 , 43 
,45 - 49, 35 , 19 , 16 
,50 - 54, 77 , 36 , 41 
,55 - 59, 51 , 17 , 34 
,60 - 64, 38 , 22 , 16 
,65 - 69, 32 , 12 , 20 
,70 - 74, 19 , 7 , 12 
,75 - 79, 8 , 2 , 6 
,80 and over, 16 , 3 , 13 
,   Barangay 161,,,
,   Age Group,,,
,Total," 2,826 "," 1,375 "," 1,451 "
,0 - 4, 171 , 82 , 89 
,5 - 9, 196 , 99 , 97 
,10 - 14, 224 , 121 , 103 
,15 - 19, 222 , 94 , 128 
,20 - 24, 340 , 174 , 166 
,25 - 29, 330 , 172 , 158 
,30 - 34, 279 , 131 , 148 
,35 - 39, 258 , 143 , 115 
,40 - 44, 240 , 112 , 128 
,45 - 49, 160 , 73 , 87 
,50 - 54, 130 , 70 , 60 
,55 - 59, 75 , 32 , 43 
,60 - 64, 92 , 35 , 57 
,65 - 69, 44 , 16 , 28 
,70 - 74, 34 , 9 , 25 
,75 - 79, 15 , 5 , 10 
,80 and over, 16 , 7 , 9 
,   Barangay 162,,,
,   Age Group,,,
,Total," 1,898 ", 927 , 971 
,0 - 4, 152 , 79 , 73 
,5 - 9, 142 , 69 , 73 
,10 - 14, 131 , 68 , 63 
,15 - 19, 143 , 61 , 82 
,20 - 24, 250 , 118 , 132 
,25 - 29, 268 , 123 , 145 
,30 - 34, 201 , 114 , 87 
,35 - 39, 144 , 75 , 69 
,40 - 44, 111 , 57 , 54 
,45 - 49, 103 , 45 , 58 
,50 - 54, 81 , 43 , 38 
,55 - 59, 76 , 32 , 44 
,60 - 64, 36 , 19 , 17 
,65 - 69, 38 , 18 , 20 
,70 - 74, 13 , 4 , 9 
,75 - 79, 5 , 1 , 4 
,80 and over, 4 , 1 , 3 
,   Barangay 163,,,
,   Age Group,,,
,Total," 1,467 ", 767 , 700 
,0 - 4, 141 , 74 , 67 
,5 - 9, 148 , 79 , 69 
,10 - 14, 145 , 78 , 67 
,15 - 19, 100 , 53 , 47 
,20 - 24, 141 , 73 , 68 
,25 - 29, 163 , 85 , 78 
,30 - 34, 146 , 73 , 73 
,35 - 39, 151 , 77 , 74 
,40 - 44, 75 , 45 , 30 
,45 - 49, 60 , 36 , 24 
,50 - 54, 56 , 27 , 29 
,55 - 59, 48 , 28 , 20 
,60 - 64, 39 , 16 , 23 
,65 - 69, 30 , 12 , 18 
,70 - 74, 17 , 9 , 8 
,75 - 79, 3 , 1 , 2 
,80 and over, 4 , 1 , 3 
,   Barangay 164,,,
,   Age Group,,,
,Total," 1,749 ", 884 , 865 
,0 - 4, 108 , 65 , 43 
,5 - 9, 156 , 83 , 73 
,10 - 14, 128 , 62 , 66 
,15 - 19, 130 , 64 , 66 
,20 - 24, 190 , 93 , 97 
,25 - 29, 204 , 114 , 90 
,30 - 34, 170 , 81 , 89 
,35 - 39, 138 , 68 , 70 
,40 - 44, 105 , 55 , 50 
,45 - 49, 93 , 47 , 46 
,50 - 54, 98 , 49 , 49 
,55 - 59, 67 , 27 , 40 
,60 - 64, 66 , 37 , 29 
,65 - 69, 38 , 16 , 22 
,70 - 74, 31 , 17 , 14 
,75 - 79, 13 , 3 , 10 
,80 and over, 14 , 3 , 11 
,   Barangay 165,,,
,   Age Group,,,
,Total," 5,472 "," 2,836 "," 2,636 "
,0 - 4, 436 , 210 , 226 
,5 - 9, 529 , 292 , 237 
,10 - 14, 515 , 271 , 244 
,15 - 19, 504 , 271 , 233 
,20 - 24, 651 , 338 , 313 
,25 - 29, 582 , 316 , 266 
,30 - 34, 459 , 240 , 219 
,35 - 39, 393 , 212 , 181 
,40 - 44, 339 , 188 , 151 
,45 - 49, 277 , 126 , 151 
,50 - 54, 252 , 134 , 118 
,55 - 59, 194 , 85 , 109 
,60 - 64, 153 , 82 , 71 
,65 - 69, 92 , 37 , 55 
,70 - 74, 53 , 20 , 33 
,75 - 79, 25 , 10 , 15 
,80 and over, 18 , 4 , 14 
,   Barangay 166,,,
,   Age Group,,,
,Total," 1,184 ", 545 , 639 
,0 - 4, 82 , 40 , 42 
,5 - 9, 95 , 47 , 48 
,10 - 14, 79 , 33 , 46 
,15 - 19, 76 , 37 , 39 
,20 - 24, 159 , 79 , 80 
,25 - 29, 175 , 74 , 101 
,30 - 34, 116 , 65 , 51 
,35 - 39, 90 , 37 , 53 
,40 - 44, 78 , 42 , 36 
,45 - 49, 48 , 20 , 28 
,50 - 54, 63 , 30 , 33 
,55 - 59, 43 , 18 , 25 
,60 - 64, 28 , 6 , 22 
,65 - 69, 30 , 11 , 19 
,70 - 74, 8 , 3 , 5 
,75 - 79, 7 , 2 , 5 
,80 and over, 7 , 1 , 6 
,   Barangay 167,,,
,   Age Group,,,
,Total, 755 , 329 , 426 
,0 - 4, 55 , 24 , 31 
,5 - 9, 41 , 19 , 22 
,10 - 14, 42 , 19 , 23 
,15 - 19, 57 , 24 , 33 
,20 - 24, 84 , 40 , 44 
,25 - 29, 111 , 40 , 71 
,30 - 34, 66 , 32 , 34 
,35 - 39, 71 , 45 , 26 
,40 - 44, 53 , 20 , 33 
,45 - 49, 30 , 13 , 17 
,50 - 54, 41 , 14 , 27 
,55 - 59, 29 , 14 , 15 
,60 - 64, 31 , 17 , 14 
,65 - 69, 13 , 4 , 9 
,70 - 74, 18 , 3 , 15 
,75 - 79, 7 , -   , 7 
,80 and over, 6 , 1 , 5 
,   Barangay 168,,,
,   Age Group,,,
,Total, 521 , 253 , 268 
,0 - 4, 39 , 17 , 22 
,5 - 9, 31 , 20 , 11 
,10 - 14, 34 , 23 , 11 
,15 - 19, 35 , 19 , 16 
,20 - 24, 58 , 26 , 32 
,25 - 29, 61 , 24 , 37 
,30 - 34, 49 , 21 , 28 
,35 - 39, 57 , 27 , 30 
,40 - 44, 25 , 14 , 11 
,45 - 49, 35 , 18 , 17 
,50 - 54, 23 , 12 , 11 
,55 - 59, 19 , 12 , 7 
,60 - 64, 25 , 12 , 13 
,65 - 69, 12 , 3 , 9 
,70 - 74, 8 , 4 , 4 
,75 - 79, 5 , 1 , 4 
,80 and over, 5 , -   , 5 
,   Barangay 169,,,
,   Age Group,,,
,Total," 2,825 "," 1,380 "," 1,445 "
,0 - 4, 235 , 119 , 116 
,5 - 9, 247 , 125 , 122 
,10 - 14, 213 , 106 , 107 
,15 - 19, 185 , 94 , 91 
,20 - 24, 314 , 139 , 175 
,25 - 29, 412 , 217 , 195 
,30 - 34, 285 , 150 , 135 
,35 - 39, 234 , 118 , 116 
,40 - 44, 182 , 94 , 88 
,45 - 49, 153 , 77 , 76 
,50 - 54, 94 , 42 , 52 
,55 - 59, 79 , 35 , 44 
,60 - 64, 80 , 28 , 52 
,65 - 69, 49 , 15 , 34 
,70 - 74, 34 , 12 , 22 
,75 - 79, 19 , 9 , 10 
,80 and over, 10 , -   , 10 
,   Barangay 170,,,
,   Age Group,,,
,Total," 1,571 ", 785 , 786 
,0 - 4, 81 , 43 , 38 
,5 - 9, 89 , 45 , 44 
,10 - 14, 88 , 50 , 38 
,15 - 19, 99 , 61 , 38 
,20 - 24, 210 , 105 , 105 
,25 - 29, 250 , 115 , 135 
,30 - 34, 163 , 82 , 81 
,35 - 39, 126 , 67 , 59 
,40 - 44, 107 , 56 , 51 
,45 - 49, 74 , 36 , 38 
,50 - 54, 68 , 37 , 31 
,55 - 59, 72 , 35 , 37 
,60 - 64, 54 , 18 , 36 
,65 - 69, 41 , 15 , 26 
,70 - 74, 19 , 9 , 10 
,75 - 79, 16 , 5 , 11 
,80 and over, 14 , 6 , 8 
,   Barangay 171,,,
,   Age Group,,,
,Total," 3,390 "," 1,639 "," 1,751 "
,0 - 4, 238 , 128 , 110 
,5 - 9, 231 , 114 , 117 
,10 - 14, 282 , 144 , 138 
,15 - 19, 229 , 112 , 117 
,20 - 24, 410 , 201 , 209 
,25 - 29, 452 , 224 , 228 
,30 - 34, 328 , 150 , 178 
,35 - 39, 224 , 103 , 121 
,40 - 44, 234 , 110 , 124 
,45 - 49, 193 , 95 , 98 
,50 - 54, 154 , 80 , 74 
,55 - 59, 115 , 52 , 63 
,60 - 64, 115 , 49 , 66 
,65 - 69, 80 , 34 , 46 
,70 - 74, 54 , 20 , 34 
,75 - 79, 34 , 17 , 17 
,80 and over, 17 , 6 , 11 
,   Barangay 172,,,
,   Age Group,,,
,Total," 4,919 "," 2,401 "," 2,518 "
,0 - 4, 345 , 171 , 174 
,5 - 9, 359 , 175 , 184 
,10 - 14, 403 , 201 , 202 
,15 - 19, 401 , 203 , 198 
,20 - 24, 584 , 284 , 300 
,25 - 29, 613 , 304 , 309 
,30 - 34, 519 , 259 , 260 
,35 - 39, 417 , 224 , 193 
,40 - 44, 313 , 156 , 157 
,45 - 49, 274 , 141 , 133 
,50 - 54, 201 , 89 , 112 
,55 - 59, 148 , 65 , 83 
,60 - 64, 118 , 46 , 72 
,65 - 69, 94 , 36 , 58 
,70 - 74, 77 , 31 , 46 
,75 - 79, 28 , 9 , 19 
,80 and over, 25 , 7 , 18 
,   Barangay 173,,,
,   Age Group,,,
,Total," 1,814 ", 939 , 875 
,0 - 4, 122 , 80 , 42 
,5 - 9, 144 , 69 , 75 
,10 - 14, 145 , 76 , 69 
,15 - 19, 129 , 63 , 66 
,20 - 24, 201 , 110 , 91 
,25 - 29, 242 , 133 , 109 
,30 - 34, 192 , 97 , 95 
,35 - 39, 153 , 81 , 72 
,40 - 44, 116 , 57 , 59 
,45 - 49, 98 , 51 , 47 
,50 - 54, 94 , 47 , 47 
,55 - 59, 66 , 28 , 38 
,60 - 64, 50 , 27 , 23 
,65 - 69, 22 , 4 , 18 
,70 - 74, 16 , 8 , 8 
,75 - 79, 16 , 7 , 9 
,80 and over, 8 , 1 , 7 
,   Barangay 174,,,
,   Age Group,,,
,Total," 1,826 ", 914 , 912 
,0 - 4, 170 , 85 , 85 
,5 - 9, 159 , 73 , 86 
,10 - 14, 135 , 69 , 66 
,15 - 19, 145 , 75 , 70 
,20 - 24, 237 , 119 , 118 
,25 - 29, 224 , 117 , 107 
,30 - 34, 180 , 87 , 93 
,35 - 39, 137 , 80 , 57 
,40 - 44, 123 , 68 , 55 
,45 - 49, 83 , 39 , 44 
,50 - 54, 70 , 36 , 34 
,55 - 59, 59 , 27 , 32 
,60 - 64, 42 , 17 , 25 
,65 - 69, 28 , 12 , 16 
,70 - 74, 14 , 5 , 9 
,75 - 79, 10 , 4 , 6 
,80 and over, 10 , 1 , 9 
,   Barangay 175,,,
,   Age Group,,,
,Total," 1,952 ", 982 , 970 
,0 - 4, 171 , 90 , 81 
,5 - 9, 167 , 91 , 76 
,10 - 14, 164 , 89 , 75 
,15 - 19, 168 , 81 , 87 
,20 - 24, 204 , 99 , 105 
,25 - 29, 218 , 118 , 100 
,30 - 34, 197 , 95 , 102 
,35 - 39, 143 , 74 , 69 
,40 - 44, 129 , 71 , 58 
,45 - 49, 88 , 45 , 43 
,50 - 54, 98 , 42 , 56 
,55 - 59, 76 , 37 , 39 
,60 - 64, 57 , 24 , 33 
,65 - 69, 32 , 14 , 18 
,70 - 74, 13 , 4 , 9 
,75 - 79, 8 , 1 , 7 
,80 and over, 19 , 7 , 12 
,   Barangay 176,,,
,   Age Group,,,
,Total," 1,617 ", 807 , 810 
,0 - 4, 121 , 63 , 58 
,5 - 9, 149 , 66 , 83 
,10 - 14, 127 , 63 , 64 
,15 - 19, 147 , 77 , 70 
,20 - 24, 193 , 103 , 90 
,25 - 29, 177 , 94 , 83 
,30 - 34, 149 , 76 , 73 
,35 - 39, 107 , 49 , 58 
,40 - 44, 70 , 33 , 37 
,45 - 49, 82 , 40 , 42 
,50 - 54, 100 , 52 , 48 
,55 - 59, 66 , 37 , 29 
,60 - 64, 52 , 23 , 29 
,65 - 69, 34 , 16 , 18 
,70 - 74, 17 , 7 , 10 
,75 - 79, 9 , 3 , 6 
,80 and over, 17 , 5 , 12 
,   Barangay 177,,,
,   Age Group,,,
,Total," 6,235 "," 3,150 "," 3,085 "
,0 - 4, 542 , 272 , 270 
,5 - 9, 587 , 312 , 275 
,10 - 14, 566 , 302 , 264 
,15 - 19, 518 , 255 , 263 
,20 - 24, 690 , 358 , 332 
,25 - 29, 713 , 353 , 360 
,30 - 34, 584 , 308 , 276 
,35 - 39, 498 , 252 , 246 
,40 - 44, 377 , 212 , 165 
,45 - 49, 301 , 159 , 142 
,50 - 54, 237 , 102 , 135 
,55 - 59, 215 , 102 , 113 
,60 - 64, 169 , 79 , 90 
,65 - 69, 105 , 50 , 55 
,70 - 74, 60 , 14 , 46 
,75 - 79, 40 , 10 , 30 
,80 and over, 33 , 10 , 23 
,   Barangay 178,,,
,   Age Group,,,
,Total," 3,889 "," 1,943 "," 1,946 "
,0 - 4, 319 , 168 , 151 
,5 - 9, 353 , 197 , 156 
,10 - 14, 344 , 159 , 185 
,15 - 19, 353 , 191 , 162 
,20 - 24, 430 , 202 , 228 
,25 - 29, 417 , 217 , 200 
,30 - 34, 345 , 181 , 164 
,35 - 39, 280 , 133 , 147 
,40 - 44, 261 , 123 , 138 
,45 - 49, 212 , 105 , 107 
,50 - 54, 186 , 103 , 83 
,55 - 59, 138 , 72 , 66 
,60 - 64, 95 , 37 , 58 
,65 - 69, 60 , 23 , 37 
,70 - 74, 55 , 25 , 30 
,75 - 79, 23 , 5 , 18 
,80 and over, 18 , 2 , 16 
,   Barangay 179,,,
,   Age Group,,,
,Total," 6,692 "," 3,282 "," 3,410 "
,0 - 4, 630 , 334 , 296 
,5 - 9, 580 , 268 , 312 
,10 - 14, 558 , 287 , 271 
,15 - 19, 582 , 289 , 293 
,20 - 24, 761 , 366 , 395 
,25 - 29, 743 , 377 , 366 
,30 - 34, 669 , 334 , 335 
,35 - 39, 445 , 230 , 215 
,40 - 44, 420 , 201 , 219 
,45 - 49, 346 , 170 , 176 
,50 - 54, 319 , 159 , 160 
,55 - 59, 219 , 110 , 109 
,60 - 64, 160 , 73 , 87 
,65 - 69, 83 , 27 , 56 
,70 - 74, 80 , 31 , 49 
,75 - 79, 49 , 15 , 34 
,80 and over, 48 , 11 , 37 
,   Barangay 180,,,
,   Age Group,,,
,Total," 2,059 "," 1,075 ", 984 
,0 - 4, 405 , 213 , 192 
,5 - 9, 138 , 71 , 67 
,10 - 14, 157 , 85 , 72 
,15 - 19, 191 , 110 , 81 
,20 - 24, 198 , 105 , 93 
,25 - 29, 213 , 104 , 109 
,30 - 34, 162 , 89 , 73 
,35 - 39, 125 , 75 , 50 
,40 - 44, 103 , 48 , 55 
,45 - 49, 73 , 40 , 33 
,50 - 54, 101 , 48 , 53 
,55 - 59, 68 , 32 , 36 
,60 - 64, 44 , 23 , 21 
,65 - 69, 31 , 10 , 21 
,70 - 74, 25 , 15 , 10 
,75 - 79, 16 , 6 , 10 
,80 and over, 9 , 1 , 8 
,   Barangay 181,,,
,   Age Group,,,
,Total," 1,883 ", 926 , 957 
,0 - 4, 163 , 86 , 77 
,5 - 9, 183 , 89 , 94 
,10 - 14, 189 , 95 , 94 
,15 - 19, 191 , 87 , 104 
,20 - 24, 195 , 109 , 86 
,25 - 29, 153 , 78 , 75 
,30 - 34, 160 , 74 , 86 
,35 - 39, 142 , 68 , 74 
,40 - 44, 126 , 65 , 61 
,45 - 49, 101 , 54 , 47 
,50 - 54, 87 , 43 , 44 
,55 - 59, 63 , 27 , 36 
,60 - 64, 50 , 23 , 27 
,65 - 69, 34 , 18 , 16 
,70 - 74, 20 , 6 , 14 
,75 - 79, 15 , 2 , 13 
,80 and over, 11 , 2 , 9 
,   Barangay 182,,,
,   Age Group,,,
,Total," 2,906 "," 1,502 "," 1,404 "
,0 - 4, 231 , 104 , 127 
,5 - 9, 226 , 105 , 121 
,10 - 14, 255 , 134 , 121 
,15 - 19, 299 , 153 , 146 
,20 - 24, 303 , 159 , 144 
,25 - 29, 294 , 156 , 138 
,30 - 34, 246 , 139 , 107 
,35 - 39, 226 , 122 , 104 
,40 - 44, 214 , 126 , 88 
,45 - 49, 169 , 91 , 78 
,50 - 54, 141 , 78 , 63 
,55 - 59, 104 , 44 , 60 
,60 - 64, 64 , 40 , 24 
,65 - 69, 55 , 26 , 29 
,70 - 74, 34 , 12 , 22 
,75 - 79, 23 , 5 , 18 
,80 and over, 22 , 8 , 14 
,   Barangay 183,,,
,   Age Group,,,
,Total," 37,351 "," 18,275 "," 19,076 "
,0 - 4," 2,283 "," 1,136 "," 1,147 "
,5 - 9," 2,699 "," 1,374 "," 1,325 "
,10 - 14," 2,646 "," 1,333 "," 1,313 "
,15 - 19," 2,598 "," 1,260 "," 1,338 "
,20 - 24," 3,952 "," 1,994 "," 1,958 "
,25 - 29," 4,551 "," 2,295 "," 2,256 "
,30 - 34," 3,880 "," 2,005 "," 1,875 "
,35 - 39," 3,394 "," 1,705 "," 1,689 "
,40 - 44," 2,599 "," 1,302 "," 1,297 "
,45 - 49," 1,915 ", 929 , 986 
,50 - 54," 1,813 ", 848 , 965 
,55 - 59," 1,463 ", 641 , 822 
,60 - 64," 1,304 ", 518 , 786 
,65 - 69," 1,040 ", 491 , 549 
,70 - 74, 615 , 250 , 365 
,75 - 79, 263 , 77 , 186 
,80 and over, 336 , 117 , 219 
,   Barangay 184,,,
,   Age Group,,,
,Total," 14,196 "," 7,105 "," 7,091 "
,0 - 4," 1,198 ", 627 , 571 
,5 - 9," 1,207 ", 588 , 619 
,10 - 14," 1,291 ", 627 , 664 
,15 - 19," 1,320 ", 651 , 669 
,20 - 24," 1,570 ", 788 , 782 
,25 - 29," 1,435 ", 729 , 706 
,30 - 34," 1,276 ", 690 , 586 
,35 - 39," 1,036 ", 535 , 501 
,40 - 44, 965 , 508 , 457 
,45 - 49, 819 , 422 , 397 
,50 - 54, 644 , 312 , 332 
,55 - 59, 486 , 238 , 248 
,60 - 64, 359 , 155 , 204 
,65 - 69, 237 , 108 , 129 
,70 - 74, 183 , 68 , 115 
,75 - 79, 98 , 37 , 61 
,80 and over, 72 , 22 , 50 
,   Barangay 185,,,
,   Age Group,,,
,Total," 4,639 "," 2,315 "," 2,324 "
,0 - 4, 306 , 150 , 156 
,5 - 9, 332 , 179 , 153 
,10 - 14, 389 , 209 , 180 
,15 - 19, 410 , 196 , 214 
,20 - 24, 564 , 302 , 262 
,25 - 29, 545 , 270 , 275 
,30 - 34, 365 , 176 , 189 
,35 - 39, 359 , 193 , 166 
,40 - 44, 306 , 138 , 168 
,45 - 49, 260 , 138 , 122 
,50 - 54, 271 , 134 , 137 
,55 - 59, 166 , 76 , 90 
,60 - 64, 132 , 61 , 71 
,65 - 69, 94 , 47 , 47 
,70 - 74, 72 , 25 , 47 
,75 - 79, 29 , 7 , 22 
,80 and over, 39 , 14 , 25 
,   Barangay 186,,,
,   Age Group,,,
,Total," 3,450 "," 1,725 "," 1,725 "
,0 - 4, 316 , 166 , 150 
,5 - 9, 325 , 154 , 171 
,10 - 14, 295 , 155 , 140 
,15 - 19, 316 , 164 , 152 
,20 - 24, 378 , 198 , 180 
,25 - 29, 365 , 172 , 193 
,30 - 34, 298 , 150 , 148 
,35 - 39, 234 , 129 , 105 
,40 - 44, 221 , 107 , 114 
,45 - 49, 185 , 90 , 95 
,50 - 54, 163 , 76 , 87 
,55 - 59, 129 , 75 , 54 
,60 - 64, 88 , 37 , 51 
,65 - 69, 54 , 23 , 31 
,70 - 74, 44 , 17 , 27 
,75 - 79, 16 , 5 , 11 
,80 and over, 23 , 7 , 16 
,   Barangay 187,,,
,   Age Group,,,
,Total," 4,629 "," 2,280 "," 2,349 "
,0 - 4, 413 , 213 , 200 
,5 - 9, 420 , 207 , 213 
,10 - 14, 403 , 200 , 203 
,15 - 19, 353 , 178 , 175 
,20 - 24, 515 , 239 , 276 
,25 - 29, 545 , 285 , 260 
,30 - 34, 400 , 198 , 202 
,35 - 39, 411 , 223 , 188 
,40 - 44, 294 , 138 , 156 
,45 - 49, 249 , 131 , 118 
,50 - 54, 183 , 80 , 103 
,55 - 59, 128 , 64 , 64 
,60 - 64, 107 , 45 , 62 
,65 - 69, 84 , 32 , 52 
,70 - 74, 66 , 24 , 42 
,75 - 79, 38 , 16 , 22 
,80 and over, 20 , 7 , 13 
,   Barangay 188,,,
,   Age Group,,,
,Total," 2,094 "," 1,067 "," 1,027 "
,0 - 4, 155 , 85 , 70 
,5 - 9, 165 , 76 , 89 
,10 - 14, 169 , 78 , 91 
,15 - 19, 198 , 120 , 78 
,20 - 24, 204 , 109 , 95 
,25 - 29, 269 , 147 , 122 
,30 - 34, 187 , 92 , 95 
,35 - 39, 162 , 88 , 74 
,40 - 44, 142 , 69 , 73 
,45 - 49, 118 , 58 , 60 
,50 - 54, 109 , 56 , 53 
,55 - 59, 79 , 41 , 38 
,60 - 64, 62 , 27 , 35 
,65 - 69, 27 , 7 , 20 
,70 - 74, 13 , 3 , 10 
,75 - 79, 15 , 5 , 10 
,80 and over, 20 , 6 , 14 
,   Barangay 189,,,
,   Age Group,,,
,Total," 2,431 "," 1,206 "," 1,225 "
,0 - 4, 205 , 100 , 105 
,5 - 9, 213 , 102 , 111 
,10 - 14, 215 , 113 , 102 
,15 - 19, 200 , 97 , 103 
,20 - 24, 274 , 129 , 145 
,25 - 29, 298 , 154 , 144 
,30 - 34, 244 , 119 , 125 
,35 - 39, 190 , 102 , 88 
,40 - 44, 165 , 88 , 77 
,45 - 49, 122 , 69 , 53 
,50 - 54, 84 , 34 , 50 
,55 - 59, 93 , 46 , 47 
,60 - 64, 57 , 24 , 33 
,65 - 69, 30 , 10 , 20 
,70 - 74, 18 , 6 , 12 
,75 - 79, 16 , 9 , 7 
,80 and over, 7 , 4 , 3 
,   Barangay 190,,,
,   Age Group,,,
,Total," 4,336 "," 2,188 "," 2,148 "
,0 - 4, 398 , 204 , 194 
,5 - 9, 393 , 198 , 195 
,10 - 14, 375 , 211 , 164 
,15 - 19, 362 , 185 , 177 
,20 - 24, 494 , 246 , 248 
,25 - 29, 484 , 252 , 232 
,30 - 34, 362 , 193 , 169 
,35 - 39, 331 , 158 , 173 
,40 - 44, 279 , 150 , 129 
,45 - 49, 233 , 115 , 118 
,50 - 54, 209 , 98 , 111 
,55 - 59, 165 , 75 , 90 
,60 - 64, 97 , 43 , 54 
,65 - 69, 63 , 29 , 34 
,70 - 74, 39 , 17 , 22 
,75 - 79, 24 , 7 , 17 
,80 and over, 28 , 7 , 21 
,   Barangay 191,,,
,   Age Group,,,
,Total," 3,406 "," 1,767 "," 1,639 "
,0 - 4, 254 , 141 , 113 
,5 - 9, 305 , 169 , 136 
,10 - 14, 313 , 165 , 148 
,15 - 19, 253 , 113 , 140 
,20 - 24, 342 , 176 , 166 
,25 - 29, 359 , 191 , 168 
,30 - 34, 335 , 179 , 156 
,35 - 39, 289 , 161 , 128 
,40 - 44, 247 , 142 , 105 
,45 - 49, 199 , 102 , 97 
,50 - 54, 146 , 71 , 75 
,55 - 59, 107 , 50 , 57 
,60 - 64, 105 , 47 , 58 
,65 - 69, 74 , 33 , 41 
,70 - 74, 33 , 13 , 20 
,75 - 79, 32 , 10 , 22 
,80 and over, 13 , 4 , 9 
,   Barangay 192,,,
,   Age Group,,,
,Total," 4,217 "," 2,106 "," 2,111 "
,0 - 4, 343 , 158 , 185 
,5 - 9, 338 , 172 , 166 
,10 - 14, 357 , 173 , 184 
,15 - 19, 346 , 170 , 176 
,20 - 24, 453 , 227 , 226 
,25 - 29, 454 , 240 , 214 
,30 - 34, 406 , 223 , 183 
,35 - 39, 328 , 170 , 158 
,40 - 44, 253 , 129 , 124 
,45 - 49, 269 , 131 , 138 
,50 - 54, 226 , 111 , 115 
,55 - 59, 151 , 73 , 78 
,60 - 64, 128 , 56 , 72 
,65 - 69, 81 , 39 , 42 
,70 - 74, 36 , 19 , 17 
,75 - 79, 30 , 9 , 21 
,80 and over, 18 , 6 , 12 
,   Barangay 193,,,
,   Age Group,,,
,Total," 7,430 "," 3,728 "," 3,702 "
,0 - 4, 584 , 316 , 268 
,5 - 9, 575 , 289 , 286 
,10 - 14, 607 , 340 , 267 
,15 - 19, 595 , 278 , 317 
,20 - 24, 772 , 389 , 383 
,25 - 29, 855 , 445 , 410 
,30 - 34, 693 , 345 , 348 
,35 - 39, 583 , 290 , 293 
,40 - 44, 507 , 257 , 250 
,45 - 49, 422 , 202 , 220 
,50 - 54, 405 , 202 , 203 
,55 - 59, 318 , 154 , 164 
,60 - 64, 215 , 96 , 119 
,65 - 69, 133 , 67 , 66 
,70 - 74, 79 , 31 , 48 
,75 - 79, 46 , 18 , 28 
,80 and over, 41 , 9 , 32 
,   Barangay 194,,,
,   Age Group,,,
,Total," 4,523 "," 2,250 "," 2,273 "
,0 - 4, 342 , 185 , 157 
,5 - 9, 347 , 173 , 174 
,10 - 14, 328 , 153 , 175 
,15 - 19, 330 , 162 , 168 
,20 - 24, 551 , 262 , 289 
,25 - 29, 598 , 312 , 286 
,30 - 34, 434 , 225 , 209 
,35 - 39, 331 , 163 , 168 
,40 - 44, 296 , 153 , 143 
,45 - 49, 256 , 132 , 124 
,50 - 54, 238 , 124 , 114 
,55 - 59, 175 , 83 , 92 
,60 - 64, 124 , 48 , 76 
,65 - 69, 68 , 37 , 31 
,70 - 74, 49 , 17 , 32 
,75 - 79, 36 , 12 , 24 
,80 and over, 20 , 9 , 11 
,   Barangay 195,,,
,   Age Group,,,
,Total," 2,379 "," 1,195 "," 1,184 "
,0 - 4, 233 , 114 , 119 
,5 - 9, 233 , 109 , 124 
,10 - 14, 214 , 113 , 101 
,15 - 19, 212 , 109 , 103 
,20 - 24, 283 , 151 , 132 
,25 - 29, 214 , 117 , 97 
,30 - 34, 209 , 99 , 110 
,35 - 39, 168 , 83 , 85 
,40 - 44, 169 , 85 , 84 
,45 - 49, 129 , 71 , 58 
,50 - 54, 112 , 58 , 54 
,55 - 59, 62 , 34 , 28 
,60 - 64, 59 , 26 , 33 
,65 - 69, 27 , 10 , 17 
,70 - 74, 27 , 8 , 19 
,75 - 79, 14 , 5 , 9 
,80 and over, 14 , 3 , 11 
,   Barangay 196,,,
,   Age Group,,,
,Total," 1,499 ", 795 , 704 
,0 - 4, 114 , 63 , 51 
,5 - 9, 114 , 62 , 52 
,10 - 14, 132 , 72 , 60 
,15 - 19, 119 , 69 , 50 
,20 - 24, 158 , 75 , 83 
,25 - 29, 165 , 83 , 82 
,30 - 34, 135 , 83 , 52 
,35 - 39, 159 , 88 , 71 
,40 - 44, 117 , 64 , 53 
,45 - 49, 80 , 38 , 42 
,50 - 54, 61 , 33 , 28 
,55 - 59, 61 , 26 , 35 
,60 - 64, 36 , 19 , 17 
,65 - 69, 16 , 7 , 9 
,70 - 74, 14 , 6 , 8 
,75 - 79, 5 , 2 , 3 
,80 and over, 13 , 5 , 8 
,   Barangay 197,,,
,   Age Group,,,
,Total," 3,854 "," 1,987 "," 1,867 "
,0 - 4, 323 , 152 , 171 
,5 - 9, 327 , 175 , 152 
,10 - 14, 308 , 158 , 150 
,15 - 19, 309 , 167 , 142 
,20 - 24, 447 , 250 , 197 
,25 - 29, 433 , 232 , 201 
,30 - 34, 333 , 189 , 144 
,35 - 39, 265 , 148 , 117 
,40 - 44, 255 , 127 , 128 
,45 - 49, 232 , 107 , 125 
,50 - 54, 207 , 105 , 102 
,55 - 59, 143 , 70 , 73 
,60 - 64, 98 , 42 , 56 
,65 - 69, 61 , 21 , 40 
,70 - 74, 52 , 24 , 28 
,75 - 79, 30 , 9 , 21 
,80 and over, 31 , 11 , 20 
,   Barangay 198,,,
,   Age Group,,,
,Total," 1,904 ", 914 , 990 
,0 - 4, 128 , 63 , 65 
,5 - 9, 139 , 56 , 83 
,10 - 14, 143 , 70 , 73 
,15 - 19, 155 , 79 , 76 
,20 - 24, 220 , 105 , 115 
,25 - 29, 230 , 107 , 123 
,30 - 34, 178 , 87 , 91 
,35 - 39, 159 , 78 , 81 
,40 - 44, 142 , 66 , 76 
,45 - 49, 107 , 56 , 51 
,50 - 54, 85 , 44 , 41 
,55 - 59, 75 , 45 , 30 
,60 - 64, 51 , 21 , 30 
,65 - 69, 39 , 15 , 24 
,70 - 74, 26 , 12 , 14 
,75 - 79, 11 , 6 , 5 
,80 and over, 16 , 4 , 12 
,   Barangay 199,,,
,   Age Group,,,
,Total," 2,044 ", 988 ," 1,056 "
,0 - 4, 160 , 80 , 80 
,5 - 9, 187 , 97 , 90 
,10 - 14, 174 , 87 , 87 
,15 - 19, 150 , 79 , 71 
,20 - 24, 228 , 111 , 117 
,25 - 29, 210 , 109 , 101 
,30 - 34, 172 , 76 , 96 
,35 - 39, 141 , 65 , 76 
,40 - 44, 147 , 76 , 71 
,45 - 49, 100 , 44 , 56 
,50 - 54, 107 , 48 , 59 
,55 - 59, 90 , 42 , 48 
,60 - 64, 71 , 37 , 34 
,65 - 69, 39 , 14 , 25 
,70 - 74, 24 , 11 , 13 
,75 - 79, 17 , 5 , 12 
,80 and over, 27 , 7 , 20 
,   Barangay 200,,,
,   Age Group,,,
,Total, 594 , 300 , 294 
,0 - 4, 40 , 21 , 19 
,5 - 9, 51 , 26 , 25 
,10 - 14, 60 , 30 , 30 
,15 - 19, 45 , 22 , 23 
,20 - 24, 65 , 34 , 31 
,25 - 29, 66 , 39 , 27 
,30 - 34, 56 , 27 , 29 
,35 - 39, 39 , 22 , 17 
,40 - 44, 53 , 30 , 23 
,45 - 49, 39 , 15 , 24 
,50 - 54, 16 , 8 , 8 
,55 - 59, 23 , 13 , 10 
,60 - 64, 13 , 5 , 8 
,65 - 69, 11 , 2 , 9 
,70 - 74, 11 , 4 , 7 
,75 - 79, 3 , 2 , 1 
,80 and over, 3 , -   , 3 
,   Barangay 201,,,
,   Age Group,,,
,Total," 19,778 "," 9,987 "," 9,791 "
,0 - 4," 1,683 ", 876 , 807 
,5 - 9," 1,772 ", 954 , 818 
,10 - 14," 1,699 ", 879 , 820 
,15 - 19," 1,735 ", 876 , 859 
,20 - 24," 2,149 "," 1,125 "," 1,024 "
,25 - 29," 2,119 "," 1,064 "," 1,055 "
,30 - 34," 1,808 ", 929 , 879 
,35 - 39," 1,498 ", 770 , 728 
,40 - 44," 1,320 ", 641 , 679 
,45 - 49," 1,077 ", 546 , 531 
,50 - 54, 880 , 411 , 469 
,55 - 59, 723 , 329 , 394 
,60 - 64, 559 , 272 , 287 
,65 - 69, 349 , 157 , 192 
,70 - 74, 241 , 105 , 136 
,75 - 79, 97 , 33 , 64 
,80 and over, 69 , 20 , 49 
